time,latitude,longitude,depth,mag,magType,nst,gap,dmin,rms,net,id,updated,place,type,horizontalError,depthError,magError,magNst,status,locationSource,magSource
1962-12-31T03:15:04.760Z,33.2068333,-116.1901667,6,3.08,ml,5,176,0.582,0.36,ci,ci3331486,2016-01-28T19:31:26.740Z,"9km NW of Ocotillo Wells, CA",earthquake,1.52,31.61,0.069,5,reviewed,ci,ci
1962-12-21T10:27:10.660Z,35.7758333,-118.0486667,6,3.11,ml,6,135,0.3641,0.55,ci,ci3331485,2016-01-28T19:39:45.580Z,"22km SW of Little Lake, CA",earthquake,1.6,31.61,0.112,10,reviewed,ci,ci
1962-12-18T23:06:27.120Z,33.4791667,-116.4615,6,3.47,ml,6,126,0.3581,0.43,ci,ci3331484,2016-01-28T19:31:26.210Z,"21km ESE of Anza, CA",earthquake,1.08,31.61,0.05,6,reviewed,ci,ci
1962-12-16T12:14:14.810Z,33.0471667,-116.2305,6,3.35,ml,4,190,0.5217,0.51,ci,ci3331483,2016-01-28T19:39:45.110Z,"14km SW of Ocotillo Wells, CA",earthquake,1.84,31.61,0.043,6,reviewed,ci,ci
1962-12-15T06:34:59.800Z,40.7,-117.5,,4.9,ml,,,,,ushis,ushis2581,2018-06-04T20:43:45.000Z,"28 km S of Golconda, Nevada",earthquake,,,,,reviewed,ushis,brk
1962-12-15T00:40:18.870Z,36.351,-120.7108333,6,3.82,ml,8,287,1.288,0.92,ci,ci3331482,2016-01-28T19:44:13.920Z,"39km NW of Coalinga, CA",earthquake,5.54,31.61,0.106,5,reviewed,ci,ci
1962-12-13T18:11:57.410Z,33.3855,-116.3073333,6,3.2,ml,5,259,0.4658,0.39,ci,ci3331479,2016-01-28T19:44:12.440Z,"16km NNE of Borrego Springs, CA",earthquake,2.56,31.61,0.069,5,reviewed,ci,ci
1962-12-12T18:45:01.510Z,37.0461,-116.0156,0.2,4.08,ml,0,261.3,1.771,1.956,ci,ci3331733,2016-04-02T09:52:00.018Z,"67km ENE of Beatty, NV",nuclear explosion,,,,12,reviewed,ci,ci
1962-12-12T17:25:00.900Z,37.1686667,-116.2061667,0.4,3.99,ml,13,265,1.622,0.84,ci,ci3331732,2016-01-28T19:39:44.620Z,"57km ENE of Beatty, NV",nuclear explosion,99,31.61,0.167,11,reviewed,ci,ci
1962-12-09T22:42:21.940Z,34.2988333,-116.9033333,6,3.38,ml,9,138,0.4961,0.49,ci,ci3331477,2016-01-28T19:57:06.770Z,"6km N of Big Bear Lake, CA",earthquake,1.32,31.61,0.167,10,reviewed,ci,ci
1962-12-07T19:00:01.340Z,37.0516667,-116.0293333,0.3,4.04,ml,14,263,1.761,1.06,ci,ci3331731,2016-01-28T19:48:28.180Z,"66km ENE of Beatty, NV",nuclear explosion,99,31.61,0.14,12,reviewed,ci,ci
1962-12-04T16:00:01.280Z,37.1281667,-116.05,0.2,3.49,ml,12,293,1.745,0.71,ci,ci3331730,2016-01-28T19:52:56.730Z,"67km ENE of Beatty, NV",nuclear explosion,99,31.61,0.109,9,reviewed,ci,ci
1962-12-02T10:36:52.260Z,34.3103333,-116.897,6,3.08,ml,8,162,0.5073,0.39,ci,ci3331513,2016-01-28T19:31:25.200Z,"7km NW of Big Bear City, CA",earthquake,1.31,31.61,0.205,8,reviewed,ci,ci
1962-12-02T03:06:36.510Z,34.34,-116.8331667,6,3.56,ml,8,167,0.5671,0.4,ci,ci3331512,2016-01-28T19:52:57.780Z,"9km N of Big Bear City, CA",earthquake,1.37,31.61,0.144,10,reviewed,ci,ci
1962-12-02T01:58:27.130Z,34.3048333,-116.8955,6,3.1,ml,7,162,0.5048,0.53,ci,ci3331511,2016-01-28T19:31:24.730Z,"7km NW of Big Bear City, CA",earthquake,2.15,31.61,0.331,9,reviewed,ci,ci
1962-12-02T00:41:39.020Z,34.301,-116.8858333,6,4.44,ml,11,140,0.5089,0.66,ci,ci3331510,2016-01-28T20:01:20.420Z,"6km NW of Big Bear City, CA",earthquake,2.07,31.61,0.092,9,reviewed,ci,ci
1962-12-01T14:06:02.260Z,34.3203333,-116.891,6,3.5,ml,9,168,0.5174,0.44,ci,ci3331507,2016-01-28T19:44:11.440Z,"8km NNW of Big Bear City, CA",earthquake,1.47,31.61,0.11,12,reviewed,ci,ci
1962-12-01T10:36:12.660Z,34.3483333,-116.8845,6,3.65,ml,10,142,0.5394,0.51,ci,ci3331506,2016-01-28T19:57:05.810Z,"10km NNW of Big Bear City, CA",earthquake,1.35,31.61,0.111,10,reviewed,ci,ci
1962-12-01T08:39:44.730Z,34.3618333,-116.8986667,6,3.56,ml,10,142,0.5397,0.44,ci,ci3331505,2016-01-28T20:01:19.850Z,"11km SE of Lucerne Valley, CA",earthquake,1.18,31.61,0.092,12,reviewed,ci,ci
1962-12-01T06:58:26.490Z,34.3305,-116.8451667,6,3.59,ml,12,143,0.5535,0.56,ci,ci3331504,2016-01-28T19:31:24.230Z,"8km N of Big Bear City, CA",earthquake,1.52,31.61,0.172,10,reviewed,ci,ci
1962-12-01T05:07:56.570Z,34.3321667,-116.8901667,6,3.19,ml,8,163,0.5254,0.61,ci,ci3331503,2016-01-28T19:31:23.800Z,"9km NNW of Big Bear City, CA",earthquake,1.73,31.61,0.106,9,reviewed,ci,ci
1962-12-01T03:51:46.380Z,34.3396667,-116.9348333,6,3.56,ml,10,140,0.5027,0.65,ci,ci3331502,2016-01-28T19:31:23.380Z,"11km NNW of Big Bear Lake, CA",earthquake,1.7,31.61,0.102,11,reviewed,ci,ci
1962-12-01T01:15:04.760Z,34.336,-116.887,6,3.47,ml,10,141,0.5299,0.56,ci,ci3331501,2016-01-28T19:48:29.700Z,"9km NNW of Big Bear City, CA",earthquake,1.5,31.61,0.118,12,reviewed,ci,ci
1962-12-01T00:44:47.230Z,34.3128333,-116.8801667,6,3.42,ml,10,141,0.5198,0.61,ci,ci3331499,2016-01-28T19:57:05.320Z,"7km NNW of Big Bear City, CA",earthquake,1.68,31.61,0.195,10,reviewed,ci,ci
1962-12-01T00:40:43.970Z,34.3161667,-116.8931667,6,3.21,ml,8,139,0.5134,0.45,ci,ci3331498,2016-01-28T19:48:29.180Z,"8km NW of Big Bear City, CA",earthquake,1.33,31.61,0.051,9,reviewed,ci,ci
1962-12-01T00:37:01.000Z,34.3166667,-116.8833333,6,3.8,mh,0,,0.52,,ci,ci10086710,2016-01-28T19:48:28.680Z,"7km NNW of Big Bear City, CA",earthquake,,,,0,reviewed,ci,ci
1962-12-01T00:35:48.840Z,34.3413333,-116.8998333,6,4.4,ml,14,141,0.5253,0.42,ci,ci3331497,2016-01-28T19:44:10.920Z,"10km NNW of Big Bear City, CA",earthquake,1.14,31.61,0.228,11,reviewed,ci,ci
1962-11-30T23:51:05.810Z,34.3288333,-116.9375,6,4.33,ml,14,138,0.4937,0.41,ci,ci3331496,2016-01-28T19:44:10.420Z,"10km NNW of Big Bear Lake, CA",earthquake,0.95,31.61,0.122,11,reviewed,ci,ci
1962-11-28T03:23:11.720Z,36.5485,-120.5866667,6,3.81,ml,9,284,1.397,0.49,ci,ci3331519,2016-01-28T19:31:22.290Z,"29km SW of Mendota, CA",earthquake,7.89,31.61,0.131,7,reviewed,ci,ci
1962-11-28T03:03:47.480Z,36.4965,-120.4811667,6,3.76,ml,11,270,1.311,0.52,ci,ci3331518,2016-01-28T19:44:09.890Z,"29km WSW of San Joaquin, CA",earthquake,5.37,31.61,0.146,9,reviewed,ci,ci
1962-11-27T18:00:01.010Z,37.1228333,-116.029,0.2,3.96,ml,10,265,1.761,0.58,ci,ci3331729,2016-01-28T19:52:56.230Z,"69km ENE of Beatty, NV",nuclear explosion,99,31.61,0.226,11,reviewed,ci,ci
1962-11-15T16:30:01.100Z,37.0418333,-116.0238333,0.2,3.69,ml,12,262,1.763,0.78,ci,ci3331726,2016-01-28T19:52:55.740Z,"67km ENE of Beatty, NV",nuclear explosion,99,31.61,0.054,6,reviewed,ci,ci
1962-11-12T07:53:56.380Z,35.2018333,-118.1398333,6,3.57,ml,11,114,0.5348,0.42,ci,ci3331559,2016-01-28T19:48:26.590Z,"16km WNW of California City, CA",earthquake,1.07,31.61,0.074,10,reviewed,ci,ci
1962-11-11T01:51:57.350Z,34.3685,-116.8835,6,3.4,ml,10,143,0.5534,0.34,ci,ci3331555,2016-01-28T19:35:34.160Z,"11km SE of Lucerne Valley, CA",earthquake,1.05,31.61,0.091,10,reviewed,ci,ci
1962-11-10T12:50:19.480Z,36.3928333,-120.8295,6,3.52,ml,3,319,1.751,0.42,ci,ci3331554,2016-01-28T19:44:09.340Z,"34km NE of King City, CA",earthquake,3.3,31.61,0.231,3,reviewed,ci,ci
1962-11-10T00:46:24.080Z,34.3643333,-116.892,6,3.09,ml,9,142,0.5454,0.37,ci,ci3331553,2016-01-28T19:48:26.090Z,"11km SE of Lucerne Valley, CA",earthquake,1.14,31.61,0.076,8,reviewed,ci,ci
1962-11-09T18:00:00.990Z,37.1638333,-116.0733333,0.2,3.2,mh,7,279,1.728,0.7,ci,ci3331724,2016-01-28T19:31:21.310Z,"67km ENE of Beatty, NV",nuclear explosion,99,31.61,0.22,12,reviewed,ci,ci
1962-11-09T06:05:14.230Z,34.3298333,-116.8691667,6,3.43,ml,11,141,0.5374,0.64,ci,ci3331549,2016-01-28T19:35:33.140Z,"8km NNW of Big Bear City, CA",earthquake,1.48,31.61,0.137,10,reviewed,ci,ci
1962-11-06T11:57:17.140Z,37.6356667,-118.3541667,6,4.08,ml,10,314,0.5888,0.58,ci,ci3331548,2016-01-28T20:01:18.330Z,"28km N of Dixon Lane-Meadow Creek, CA",earthquake,4.2,31.61,0.246,10,reviewed,ci,ci
1962-11-04T12:05:20.250Z,33.048,-116.2823333,6,3.49,ml,4,183,0.4922,0.84,ci,ci3331560,2016-01-28T19:31:46.160Z,"18km SW of Ocotillo Wells, CA",earthquake,3.44,31.61,0.015,4,reviewed,ci,ci
1962-11-04T12:04:21.760Z,33.062,-116.2773333,6,3.77,ml,8,109,,0.48,ci,ci3331546,2016-01-28T19:49:01.800Z,"16km WSW of Ocotillo Wells, CA",earthquake,1.04,31.61,0.211,9,reviewed,ci,ci
1962-11-03T11:25:49.750Z,33.037,-116.1713333,6,3.54,ml,5,197,0.5517,0.64,ci,ci3331545,2016-01-28T19:35:32.640Z,"12km SSW of Ocotillo Wells, CA",earthquake,2.62,31.61,0.227,7,reviewed,ci,ci
1962-11-02T04:30:56.610Z,33.1935,-116.2138333,6,3.41,ml,5,175,0.5665,0.46,ci,ci3331543,2016-01-28T19:39:42.520Z,"10km NW of Ocotillo Wells, CA",earthquake,1.66,31.61,0.048,3,reviewed,ci,ci
1962-11-02T02:48:50.100Z,33.3175,-116.2881667,6,3.5,mh,3,154,0.4823,0.45,ci,ci10086706,2016-01-28T19:48:25.620Z,"11km NE of Borrego Springs, CA",earthquake,3.02,31.61,,0,reviewed,ci,ci
1962-11-02T02:48:08.480Z,33.2201667,-116.2441667,6,3.78,ml,8,89,0.5349,0.62,ci,ci3331539,2016-01-28T19:31:45.640Z,"13km ESE of Borrego Springs, CA",earthquake,1.48,31.61,0.151,10,reviewed,ci,ci
1962-10-31T23:25:21.060Z,34.3341667,-116.9015,6,3.12,ml,9,140,0.5195,0.38,ci,ci3331538,2016-01-28T19:35:31.650Z,"10km NNW of Big Bear City, CA",earthquake,1.11,31.61,0.316,8,reviewed,ci,ci
1962-10-31T19:06:32.810Z,33.133,-116.3788333,6,3.24,ml,7,162,0.4613,0.47,ci,ci3331537,2016-01-28T20:01:17.760Z,"14km S of Borrego Springs, CA",earthquake,1.26,31.61,0.055,5,reviewed,ci,ci
1962-10-31T15:27:20.550Z,34.332,-116.8538333,6,3.32,ml,10,143,0.5487,0.45,ci,ci3331536,2016-01-28T19:31:20.810Z,"8km N of Big Bear City, CA",earthquake,1.26,31.61,0.099,10,reviewed,ci,ci
1962-10-30T06:11:43.650Z,34.3551667,-116.8686667,6,3.04,ml,10,143,0.5538,0.57,ci,ci3331532,2016-01-28T20:01:17.260Z,"11km NNW of Big Bear City, CA",earthquake,1.58,31.61,0.127,9,reviewed,ci,ci
1962-10-30T05:45:59.060Z,34.3178333,-116.8806667,6,3.21,ml,8,168,0.5225,0.33,ci,ci3331531,2016-01-28T19:39:41.500Z,"7km NNW of Big Bear City, CA",earthquake,1.14,31.61,0.309,9,reviewed,ci,ci
1962-10-30T00:09:27.500Z,34.3111667,-116.9228333,6,3.12,ml,8,139,0.4912,0.44,ci,ci3331529,2016-01-28T19:48:24.640Z,"8km N of Big Bear Lake, CA",earthquake,1.43,31.61,0.23,9,reviewed,ci,ci
1962-10-29T14:41:40.950Z,34.2991667,-116.891,6,3.19,ml,8,139,0.5044,0.69,ci,ci3331528,2016-01-28T19:52:55.200Z,"6km NW of Big Bear City, CA",earthquake,2.04,31.61,0.148,6,reviewed,ci,ci
1962-10-29T05:35:05.580Z,34.3153333,-116.8685,6,3.71,ml,12,141,0.5289,0.49,ci,ci3331525,2016-01-28T19:48:24.080Z,"6km NNW of Big Bear City, CA",earthquake,1.3,31.61,0.093,9,reviewed,ci,ci
1962-10-29T03:07:12.380Z,34.3196667,-116.8723333,6,3.3,ml,9,141,0.5291,0.48,ci,ci3331523,2016-01-28T19:44:08.360Z,"7km NNW of Big Bear City, CA",earthquake,1.15,31.61,0.133,9,reviewed,ci,ci
1962-10-29T03:01:40.870Z,34.2658333,-116.887,6,3.22,ml,11,137,0.4878,0.46,ci,ci3331522,2016-01-28T19:57:04.330Z,"3km NE of Big Bear Lake, CA",earthquake,1.13,31.61,0.106,9,reviewed,ci,ci
1962-10-29T02:42:53.710Z,34.349,-116.8663333,6,4.97,ml,12,143,,0.24,ci,ci3331521,2018-06-04T20:43:45.000Z,"10km NNW of Big Bear City, CA",earthquake,0.77,31.61,0.19,8,reviewed,ci,ci
1962-10-27T20:59:30.090Z,33.0415,-116.24,6,3.24,ml,6,190,0.5121,0.49,ci,ci3331661,2016-01-28T19:39:39.940Z,"15km SW of Ocotillo Wells, CA",earthquake,1.78,31.61,0.084,6,reviewed,ci,ci
1962-10-27T15:00:01.440Z,37.1493,-116.0535,0.3,3.73,ml,0,262.8,1.743,0.64,ci,ci3331660,2016-04-02T03:24:56.016Z,"68km ENE of Beatty, NV",nuclear explosion,,,,10,reviewed,ci,ci
1962-10-27T12:49:53.030Z,33.0535,-116.2328333,6,3.29,ml,5,188,0.5248,0.33,ci,ci3331659,2016-01-28T19:48:23.580Z,"14km SW of Ocotillo Wells, CA",earthquake,1.23,31.61,0.146,5,reviewed,ci,ci
1962-10-27T04:44:43.810Z,35.377,-118.576,6,3.1,ml,9,84,0.297,0.46,ci,ci3331658,2016-01-28T19:35:30.720Z,"25km SSW of Bodfish, CA",earthquake,0.87,31.61,0.05,9,reviewed,ci,ci
1962-10-22T11:10:58.980Z,33.022,-116.1983333,6,3.7,ml,8,196,0.5247,0.73,ci,ci3331655,2016-01-28T19:57:03.310Z,"15km SSW of Ocotillo Wells, CA",earthquake,2.47,31.61,0.131,9,reviewed,ci,ci
1962-10-19T18:00:01.180Z,37.0395,-116.0211667,0.2,4.27,ml,12,262,1.763,1,ci,ci3331654,2016-01-28T19:52:54.100Z,"67km ENE of Beatty, NV",nuclear explosion,99,31.61,0.097,10,reviewed,ci,ci
1962-10-14T10:14:28.100Z,38.68,-124.028,,4.7,ml,,,,,ushis,ushis2574,2018-06-04T20:43:45.000Z,"38 km SW of Point Arena, California",earthquake,,,,,reviewed,ushis,brk
1962-10-13T17:49:31.540Z,36.4273333,-120.8488333,6,4.06,ml,11,308,1.417,0.61,ci,ci3331651,2016-01-28T19:39:39.450Z,"35km NE of King City, CA",earthquake,5.71,31.61,0.131,6,reviewed,ci,ci
1962-10-13T00:05:50.880Z,33.3955,-116.4548333,5,3.57,ml,7,130,0.3438,0.31,ci,ci3331649,2016-01-28T19:31:19.250Z,"17km NNW of Borrego Springs, CA",earthquake,0.84,2.73,0.175,8,reviewed,ci,ci
1962-10-09T15:00:07.110Z,37.1227,-116.0508,0.2,3.32,ml,0,266.4,1.744,0.168,ci,ci3331648,2016-04-02T13:03:31.440Z,"67km ENE of Beatty, NV",nuclear explosion,,,,5,reviewed,ci,ci
1962-10-05T20:13:54.780Z,35.7868333,-118.0226667,4.2,3.31,ml,9,92,0.3468,0.41,ci,ci3331646,2016-01-28T19:31:18.680Z,"20km SSW of Little Lake, CA",earthquake,1.09,2.55,0.138,9,reviewed,ci,ci
1962-10-05T17:00:00.620Z,37.1393333,-116.0503333,0.5,4.68,ml,13,266,1.745,0.44,ci,ci3331644,2016-01-28T19:48:21.990Z,"68km ENE of Beatty, NV",nuclear explosion,99,31.61,0.182,9,reviewed,ci,ci
1962-10-05T15:29:02.740Z,33.3473333,-116.2511667,6,4.17,ml,9,155,0.5119,0.42,ci,ci3331642,2016-01-28T19:48:22.520Z,"15km NE of Borrego Springs, CA",earthquake,1.11,31.61,0.046,8,reviewed,ci,ci
1962-09-29T17:00:01.070Z,37.1166667,-116.0328333,0.2,3.76,ml,11,265,1.758,0.81,ci,ci3331664,2016-01-28T19:39:36.900Z,"68km ENE of Beatty, NV",nuclear explosion,99,31.61,0.081,4,reviewed,ci,ci
1962-09-29T08:30:05.000Z,34.1863333,-117.4986667,2.02,3.26,ml,12,108,0.2178,0.48,ci,ci3331639,2016-01-28T19:52:53.580Z,"8km S of Lytle Creek, CA",earthquake,1.21,2.06,0.036,7,reviewed,ci,ci
1962-09-23T21:29:41.150Z,37.7293333,-117.4068333,6,3.3,ml,4,320,0.9403,0.42,ci,ci3331723,2016-01-28T20:01:16.240Z,"41km SSW of Tonopah, NV",earthquake,3.62,31.61,0.022,3,reviewed,ci,ci
1962-09-21T05:07:17.860Z,34.4931667,-119.5575,6,3.16,ml,11,52,0.6602,0.49,ci,ci3331562,2016-01-28T19:57:02.290Z,"9km NE of Montecito, CA",earthquake,2.08,31.61,0.064,9,reviewed,ci,ci
1962-09-20T17:00:01.170Z,37.0551667,-116.0293333,0.2,4.03,ml,13,263,1.761,0.68,ci,ci3331663,2016-01-28T19:57:00.340Z,"66km ENE of Beatty, NV",nuclear explosion,99,31.61,0.1,10,reviewed,ci,ci
1962-09-19T18:50:30.320Z,35.791,-118.0031667,0.57,3.16,ml,10,93,0.3307,0.34,ci,ci3331561,2016-01-28T19:48:21.510Z,"18km SSW of Little Lake, CA",earthquake,1,2.43,0.03,7,reviewed,ci,ci
1962-09-17T09:30:03.450Z,35.733,-118.052,0.01,3.01,ml,5,143,0.3506,0.52,ci,ci3331688,2016-01-28T19:31:18.160Z,"24km WNW of Inyokern, CA",earthquake,4.29,8.36,0.085,9,reviewed,ci,ci
1962-09-17T01:56:01.640Z,36.0601667,-118.1076667,6,3.06,ml,5,125,0.4805,0.45,ci,ci3331687,2016-01-28T19:39:38.950Z,"14km W of Coso Junction, CA",earthquake,1.48,31.61,0.102,5,reviewed,ci,ci
1962-09-16T18:31:15.970Z,34.5261667,-119.8116667,11.79,3.02,ml,9,225,0.1168,0.43,ci,ci3331686,2016-01-28T19:52:53.080Z,"10km N of Goleta, CA",earthquake,1.98,1.23,0.09,7,reviewed,ci,ci
1962-09-16T18:12:35.540Z,34.4718333,-119.6363333,11.69,3.91,ml,11,110,0.07196,0.51,ci,ci3331684,2016-01-28T19:39:37.960Z,"4km N of Montecito, CA",earthquake,1.84,1.7,0.223,10,reviewed,ci,ci
1962-09-16T11:37:27.000Z,35.75,-118.05,6,3.2,mh,0,,0.6482,,ci,ci10086702,2016-01-28T19:57:01.840Z,"24km WNW of Inyokern, CA",earthquake,,,,0,reviewed,ci,ci
1962-09-16T11:37:06.100Z,35.7505,-118.048,6,3.57,ml,10,88,0.3576,0.73,ci,ci3331683,2016-01-28T19:31:17.620Z,"24km WNW of Inyokern, CA",earthquake,1.66,31.61,0.215,10,reviewed,ci,ci
1962-09-16T09:26:38.810Z,35.7095,-118.0595,6,3.37,ml,8,85,0.3407,0.4,ci,ci3331680,2016-01-28T19:39:37.400Z,"23km WNW of Inyokern, CA",earthquake,1.02,31.61,0.224,10,reviewed,ci,ci
1962-09-16T05:36:16.140Z,35.7593333,-118.0508333,6,4.95,ml,12,87,,0.47,ci,ci3331691,2018-06-04T20:43:45.000Z,"24km SSW of Little Lake, CA",earthquake,1.5,31.61,0.171,7,reviewed,ci,ci
1962-09-14T17:10:01.440Z,37.0439,-116.0211,0.2,4.02,ml,0,260.7,1.766,0.616,ci,ci3331677,2016-04-02T00:10:30.095Z,"67km ENE of Beatty, NV",nuclear explosion,,,,10,reviewed,ci,ci
1962-09-09T16:37:12.650Z,33.7873333,-116.6975,6,3.41,ml,6,113,0.454,0.53,ci,ci3331676,2016-01-28T19:57:00.850Z,"6km NNE of Idyllwild, CA",earthquake,1.77,31.61,0.278,6,reviewed,ci,ci
1962-09-07T23:19:12.800Z,41.3,-116.7,33,4.6,ml,,,,,ushis,ushis2572,2018-06-04T20:43:45.000Z,"66 km NNE of Valmy, Nevada",earthquake,,,,,reviewed,ushis,pas
1962-09-06T17:00:01.210Z,37.1303333,-116.0446667,0.2,3.76,ml,10,265,1.749,0.94,ci,ci3331674,2016-01-28T19:44:07.040Z,"68km ENE of Beatty, NV",nuclear explosion,99,31.61,0.15,11,reviewed,ci,ci
1962-09-04T17:17:26.000Z,41.01,-124.21,45,4.9,ml,,,,,ushis,ushis2570,2018-06-04T20:43:45.000Z,"7 km SW of Trinidad, California",earthquake,,,,,reviewed,ushis,brk
1962-09-01T15:53:43.370Z,33.9641667,-118.3583333,0,3.33,ml,11,68,0.2115,0.4,ci,ci3331673,2016-01-28T19:52:52.570Z,"1km WNW of Inglewood, CA",earthquake,0.84,1.57,0.227,11,reviewed,ci,ci
1962-08-31T03:26:43.090Z,33.9496667,-117.9346667,5.86,3.26,ml,10,103,0.2791,0.49,ci,ci3331670,2016-01-28T19:48:20.010Z,"2km SE of La Habra Heights, CA",earthquake,1.18,1.85,0.123,10,reviewed,ci,ci
1962-08-24T17:00:01.120Z,37.0461667,-116.0238333,0.2,3.94,ml,11,263,1.765,0.53,ci,ci3331667,2016-01-28T19:52:51.540Z,"67km ENE of Beatty, NV",nuclear explosion,99,31.61,0.03,7,reviewed,ci,ci
1962-08-24T15:00:00.870Z,37.1186667,-116.0395,0.2,4.14,ml,10,278,1.753,0.43,ci,ci3331717,2016-01-28T19:44:06.360Z,"68km ENE of Beatty, NV",nuclear explosion,99,31.61,0.164,15,reviewed,ci,ci
1962-08-23T19:29:17.270Z,41.838,-124.048,25,5.86,mw,,,,,iscgem,iscgem875211,2022-04-26T16:11:45.910Z,"5 km NNE of Hiouchi, California",earthquake,,3.8,0.2,,reviewed,iscgem,iscgem
1962-08-22T14:47:11.890Z,33.8443333,-115.724,0,3.61,ml,8,183,0.1539,0.77,ci,ci3331716,2016-01-28T19:52:51.020Z,"33km WNW of Desert Center, CA",earthquake,3.25,6.36,0.118,8,reviewed,ci,ci
1962-08-18T07:57:09.130Z,34.0486667,-116.4056667,6,3.14,ml,7,239,0.791,0.5,ci,ci3331714,2016-01-28T19:52:50.520Z,"8km SSE of Yucca Valley, CA",earthquake,3.22,31.61,0.029,6,reviewed,ci,ci
1962-08-17T11:03:54.000Z,35.9583333,-117.972,6,3.36,ml,9,124,0.3357,0.56,ci,ci3331713,2016-01-28T19:48:19.490Z,"6km WNW of Little Lake, CA",earthquake,1.43,31.61,0.139,10,reviewed,ci,ci
1962-08-15T01:57:07.790Z,33.1158333,-116.2048333,6,3.28,ml,3,270,0.586,0.7,ci,ci3331711,2016-01-28T20:01:15.250Z,"8km WSW of Ocotillo Wells, CA",earthquake,7.99,31.61,0.285,5,reviewed,ci,ci
1962-08-15T01:55:34.950Z,33.155,-116.0533333,6,4.02,ml,6,269,0.7037,0.8,ci,ci3331710,2016-01-28T19:44:04.550Z,"7km E of Ocotillo Wells, CA",earthquake,7.04,31.61,0.103,11,reviewed,ci,ci
1962-08-12T21:38:00.430Z,37.9493333,-118.876,6,3.45,ml,4,330,1.031,0.58,ci,ci3331721,2016-01-28T19:31:17.120Z,"36km NNE of Mammoth Lakes, CA",earthquake,6.51,31.61,0.221,4,reviewed,ci,ci
1962-08-10T19:18:42.030Z,35.0611667,-119.0596667,3.93,3.62,ml,8,153,0.2301,0.39,ci,ci3331707,2016-01-28T19:35:27.760Z,"18km NW of Grapevine, CA",earthquake,1.19,3.48,0.132,9,reviewed,ci,ci
1962-08-10T02:29:55.830Z,35.007,-115.6488333,6,3.01,ml,6,274,1.748,0.75,ci,ci3331706,2016-01-28T20:01:14.750Z,"1km SE of Kelso, CA",earthquake,6.09,31.61,0.128,6,reviewed,ci,ci
1962-08-04T06:37:26.770Z,32.5993333,-117.266,6,3.27,ml,8,242,0.5075,0.72,ci,ci3331696,2016-01-28T19:56:58.860Z,"12km SW of Coronado, CA",earthquake,3.22,31.61,0.027,2,reviewed,ci,ci
1962-08-01T02:56:43.740Z,37.678,-118.2008333,6,3.05,ml,4,330,0.6231,0.93,ci,ci3331720,2016-01-28T19:39:35.900Z,"38km NNE of Dixon Lane-Meadow Creek, CA",earthquake,14.54,31.61,0.005,3,reviewed,ci,ci
1962-07-31T14:55:46.880Z,33.0871667,-115.7565,6,3.31,ml,3,298,0.8709,0.3,ci,ci3331692,2016-01-28T19:31:16.110Z,"14km WNW of Westmorland, CA",earthquake,2.46,31.61,0.133,5,reviewed,ci,ci
1962-07-27T21:00:01.000Z,37.1296667,-116.0565,0.2,3.88,ml,11,265,1.74,0.75,ci,ci3344376,2016-01-28T19:44:02.090Z,"67km ENE of Beatty, NV",nuclear explosion,99,31.61,0.127,11,reviewed,ci,ci
1962-07-26T17:11:51.340Z,35.3801667,-118.487,0,3.23,ml,8,90,0.2822,0.64,ci,ci3344371,2016-01-28T19:52:49.010Z,"23km S of Bodfish, CA",earthquake,1.3,3.51,0.09,12,reviewed,ci,ci
1962-07-20T09:02:10.000Z,39.5,-118.2,33,4.7,ml,,,,,ushis,ushis2558,2018-06-04T20:43:45.000Z,"45 km ENE of Fallon Station, Nevada",earthquake,,,,,reviewed,ushis,brk
1962-07-17T07:53:27.170Z,37.3425,-118.2848333,6,3.69,ml,6,323,0.2911,0.42,ci,ci3344364,2016-01-28T19:52:48.480Z,"10km ESE of Bishop, CA",earthquake,3.76,31.61,0.177,11,reviewed,ci,ci
1962-07-14T18:30:01.020Z,36.8018333,-115.9498333,0.01,3.4,ml,8,289,1.65,0.37,ci,ci3344358,2016-01-28T19:39:34.900Z,"66km N of Pahrump, NV",nuclear explosion,13.08,31.61,0.081,8,reviewed,ci,ci
1962-07-13T16:00:00.820Z,37.0551667,-116.0333333,0.4,4.22,ml,9,277,1.757,0.61,ci,ci3344354,2016-01-28T19:48:18.030Z,"66km ENE of Beatty, NV",nuclear explosion,99,31.61,0.071,12,reviewed,ci,ci
1962-07-10T06:27:03.420Z,33.518,-116.9831667,14.78,3.1,ml,9,120,0.1924,0.63,ci,ci3344350,2016-01-28T19:52:47.980Z,"14km NW of Aguanga, CA",earthquake,2.8,2.99,0.221,5,reviewed,ci,ci
1962-07-06T17:00:00.740Z,37.177,-116.0453333,0.2,4.47,ml,13,267,1.751,0.58,ci,ci3344348,2016-01-28T19:31:14.620Z,"70km ENE of Beatty, NV",nuclear explosion,99,31.61,0.185,11,reviewed,ci,ci
1962-07-02T07:44:23.960Z,33.0585,-115.827,6,3.36,ml,5,230,0.666,0.66,ci,ci3344346,2016-01-28T19:44:01.590Z,"19km W of Westmorland, CA",earthquake,3.66,31.61,0.096,5,reviewed,ci,ci
1962-07-02T07:16:02.520Z,32.9756667,-115.7265,6,3.42,ml,5,245,0.7334,0.57,ci,ci3344344,2016-01-28T19:56:57.860Z,"12km SW of Westmorland, CA",earthquake,4.23,31.61,0.085,5,reviewed,ci,ci
1962-07-01T17:11:25.400Z,32.9836667,-115.751,6,3.44,ml,5,242,0.7278,0.34,ci,ci3344342,2016-01-28T19:31:14.030Z,"14km WSW of Westmorland, CA",earthquake,1.94,31.61,0.043,6,reviewed,ci,ci
1962-06-30T21:30:00.690Z,37.1173333,-116.0473333,0.1,4.03,ml,10,278,1.747,0.77,ci,ci3344341,2016-01-28T19:39:33.940Z,"67km ENE of Beatty, NV",nuclear explosion,99,31.61,0.078,9,reviewed,ci,ci
1962-06-28T18:58:24.430Z,33.043,-116.303,6,3.89,ml,8,143,0.477,0.62,ci,ci3344339,2016-01-28T19:49:02.340Z,"20km SW of Ocotillo Wells, CA",earthquake,1.47,31.61,0.122,11,reviewed,ci,ci
1962-06-28T17:00:01.100Z,37.0091667,-116.201,0.3,4.3,ml,10,258,1.624,0.84,ci,ci3344338,2016-01-28T19:52:47.450Z,"50km ENE of Beatty, NV",nuclear explosion,99,31.61,0.126,11,reviewed,ci,ci
1962-06-27T18:00:00.520Z,37.0416667,-116.0351667,0.4,4.56,ml,10,262,1.756,0.8,ci,ci3344336,2016-01-28T20:01:12.280Z,"66km ENE of Beatty, NV",nuclear explosion,99,31.61,0.073,9,reviewed,ci,ci
1962-06-26T07:21:06.980Z,32.962,-116.1498333,6,3.19,ml,6,209,0.522,0.44,ci,ci3344335,2016-01-28T19:48:17.540Z,"20km S of Ocotillo Wells, CA",earthquake,1.97,31.61,0.086,5,reviewed,ci,ci
1962-06-24T18:18:25.360Z,36.089,-117.7756667,6,3.05,mh,3,172,0.1471,0.39,ci,ci3344331,2016-01-28T19:52:46.950Z,"16km ENE of Coso Junction, CA",earthquake,1.87,31.61,0.204,10,reviewed,ci,ci
1962-06-24T18:17:51.050Z,36.0633333,-117.7816667,6,3.12,ml,3,167,0.153,0.27,ci,ci3344330,2016-01-28T19:52:46.460Z,"15km E of Coso Junction, CA",earthquake,1.93,31.61,0.019,6,reviewed,ci,ci
1962-06-21T17:00:01.180Z,37.0431667,-116.0301667,0.3,4.11,ml,11,276,1.76,1.61,ci,ci3344329,2016-01-28T20:01:11.720Z,"66km ENE of Beatty, NV",nuclear explosion,99,31.61,0.171,11,reviewed,ci,ci
1962-06-13T21:00:01.950Z,37.2221667,-116.1621667,0.2,3.91,ml,9,281,1.661,1.47,ci,ci3344401,2016-01-28T20:01:11.220Z,"63km ENE of Beatty, NV",nuclear explosion,99,31.61,0.113,10,reviewed,ci,ci
1962-06-08T18:57:53.190Z,34.333,-119.571,2.69,3.47,ml,7,214,0.1604,0.33,ci,ci3344399,2016-01-28T19:52:45.930Z,"9km SSW of Carpinteria, CA",earthquake,5.67,5.37,0.224,10,reviewed,ci,ci
1962-06-06T17:50:07.200Z,39.116,-123.097,10,5.2,ml,,,,,ushis,ushis2552,2018-06-04T20:43:45.000Z,"6 km ESE of Talmage, California",earthquake,,,,,reviewed,ushis,brk
1962-06-06T17:00:01.300Z,37.0456667,-116.0393333,0.3,3.97,ml,12,276,1.753,1.04,ci,ci3344397,2016-01-28T19:48:17.030Z,"65km ENE of Beatty, NV",nuclear explosion,99,31.61,0.111,12,reviewed,ci,ci
1962-06-05T07:04:16.300Z,34.3115,-116.7535,6,3.45,ml,7,227,0.6055,0.65,ci,ci3344396,2016-01-28T19:52:45.440Z,"10km ENE of Big Bear City, CA",earthquake,3,31.61,0.399,4,reviewed,ci,ci
1962-06-02T19:58:09.200Z,33.5085,-116.5015,6.11,3.08,ml,6,130,0.3392,0.4,ci,ci3344394,2016-01-28T19:48:16.520Z,"17km ESE of Anza, CA",earthquake,0.89,2.32,0.198,6,reviewed,ci,ci
1962-06-01T16:59:59.750Z,37.0456667,-116.0345,0.2,3.68,ml,11,263,1.757,0.65,ci,ci3344393,2016-01-28T19:52:44.870Z,"66km ENE of Beatty, NV",nuclear explosion,99,31.61,0.117,10,reviewed,ci,ci
1962-05-31T02:31:35.930Z,32.9468333,-116.082,6,3.13,ml,3,287,0.5637,0.33,ci,ci3344392,2016-01-28T19:39:32.980Z,"22km SSE of Ocotillo Wells, CA",earthquake,6.29,31.61,0.027,3,reviewed,ci,ci
1962-05-31T02:22:18.650Z,32.9425,-116.0465,6,3.81,ml,6,290,0.5883,0.59,ci,ci3344391,2016-01-28T19:56:57.350Z,"24km NNW of Ocotillo, CA",earthquake,4.96,31.61,0.13,11,reviewed,ci,ci
1962-05-31T02:19:59.510Z,32.973,-116.1481667,6,3.23,ml,5,281,0.5291,0.49,ci,ci3344390,2016-01-28T19:43:59.730Z,"19km S of Ocotillo Wells, CA",earthquake,3.55,31.61,0.142,8,reviewed,ci,ci
1962-05-27T01:45:40.740Z,32.2583333,-115.7693333,6,5.1,mh,6,296,0.8713,0.39,ci,ci10086670,2016-01-28T20:01:10.180Z,"40km SSW of Progreso, B.C., MX",earthquake,6.01,31.61,,0,reviewed,ci,ci
1962-05-25T15:00:00.500Z,37.1248333,-116.052,0.2,3.91,ml,12,265,1.743,0.69,ci,ci3344388,2016-01-28T19:43:59.220Z,"67km ENE of Beatty, NV",nuclear explosion,99,31.61,0.204,12,reviewed,ci,ci
1962-05-22T05:18:28.150Z,33.9901667,-116.4446667,6,3.01,ml,6,139,0.7243,0.4,ci,ci3344387,2016-01-28T19:43:58.640Z,"6km ENE of Desert Hot Springs, CA",earthquake,1.5,31.61,0.054,5,reviewed,ci,ci
1962-05-21T12:54:10.930Z,33.4588333,-116.6955,6,3.07,ml,4,180,0.7769,0.65,ci,ci3344386,2016-01-28T19:39:32.490Z,"11km S of Anza, CA",earthquake,4.38,31.61,0.165,4,reviewed,ci,ci
1962-05-19T15:00:00.660Z,37.1226667,-116.0471667,0.2,3.81,ml,11,265,1.747,0.92,ci,ci3344384,2016-01-28T19:48:15.480Z,"67km ENE of Beatty, NV",nuclear explosion,99,31.61,0.09,10,reviewed,ci,ci
1962-05-16T08:40:34.190Z,34.0485,-116.3525,6,3.4,ml,11,135,0.6843,0.44,ci,ci3344383,2016-01-28T19:31:13.550Z,"10km SSW of Joshua Tree, CA",earthquake,1.35,31.61,0.196,8,reviewed,ci,ci
1962-05-12T19:00:00.490Z,37.0651667,-116.0303333,0.4,4.73,ml,11,277,1.76,0.65,ci,ci3344382,2016-01-28T19:48:14.920Z,"67km ENE of Beatty, NV",nuclear explosion,99,31.61,0.099,10,reviewed,ci,ci
1962-05-10T15:00:01.480Z,37.1276667,-116.0483333,0.2,3.76,ml,9,265,1.746,1.03,ci,ci3344381,2016-01-28T19:48:14.400Z,"67km ENE of Beatty, NV",nuclear explosion,99,31.61,0.027,8,reviewed,ci,ci
1962-05-08T19:30:33.060Z,35.9526667,-117.6241667,0,3.15,ml,8,156,0.1383,0.9,ci,ci3344379,2016-01-28T20:01:09.170Z,"26km E of Little Lake, CA",earthquake,3.19,7.6,0.1,11,reviewed,ci,ci
1962-05-07T19:33:01.000Z,37.0465,-116.025,0.3,3.86,ml,8,277,1.764,0.86,ci,ci3344378,2016-01-28T19:48:13.890Z,"67km ENE of Beatty, NV",nuclear explosion,99,31.61,0.134,12,reviewed,ci,ci
1962-05-05T18:24:45.790Z,33.855,-116.442,6,3.04,ml,8,113,0.611,0.55,ci,ci3344436,2016-01-28T19:39:32.000Z,"6km NW of Thousand Palms, CA",earthquake,1.95,31.61,0.104,6,reviewed,ci,ci
1962-05-05T14:17:24.110Z,33.7843333,-116.716,0.91,3.61,ml,11,113,0.4467,0.56,ci,ci3344435,2016-01-28T19:43:57.510Z,"5km N of Idyllwild, CA",earthquake,1.81,5.05,0.142,10,reviewed,ci,ci
1962-05-05T00:55:18.300Z,34.482,-121.2933333,6,3.3,mh,13,274,1.305,0.49,ci,ci10086666,2016-01-28T19:31:13.050Z,"77km WSW of Vandenberg Air Force Base, CA",earthquake,4.44,31.61,,0,reviewed,ci,ci
1962-05-04T20:52:30.270Z,35.3035,-119.6895,0,3.07,ml,9,96,0.05158,0.69,ci,ci3344432,2016-01-28T20:01:08.670Z,"23km WSW of Buttonwillow, CA",earthquake,3.15,5.17,0.286,9,reviewed,ci,ci
1962-04-27T18:00:01.940Z,37.1184,-116.0378,0.2,3.94,ml,0,262.1,1.754,0.342,ci,ci3344429,2016-01-28T19:39:31.470Z,"68km ENE of Beatty, NV",nuclear explosion,,,0.164,12,reviewed,ci,ci
1962-04-27T09:12:31.070Z,33.8003333,-117.0998333,1.18,4.19,ml,13,94,0.2995,0.45,ci,ci3344428,2018-06-04T20:43:45.000Z,"4km E of Nuevo, CA",earthquake,1.22,1.76,0.134,8,reviewed,ci,ci
1962-04-25T12:48:15.660Z,32.461,-116.2336667,6,3.49,ml,4,331,0.4299,0.68,ci,ci3344427,2016-01-28T19:56:56.860Z,"27km SE of Campo, CA",earthquake,8,31.61,0.061,4,reviewed,ci,ci
1962-04-25T08:48:58.200Z,38.5,-118.1,25,4.6,ml,,,,,ushis,ushis2547,2018-06-04T20:43:45.000Z,"12 km N of Mina, Nevada",earthquake,,,,,reviewed,ushis,brk
1962-04-24T15:24:44.590Z,33.0626667,-116.6741667,6,3.1,ml,7,181,0.3816,0.68,ci,ci3344424,2016-01-28T19:43:56.330Z,"7km WSW of Julian, CA",earthquake,5.31,31.61,0.138,6,reviewed,ci,ci
1962-04-24T14:16:28.330Z,32.9765,-117.7705,6,3.3,ml,10,174,0.923,0.58,ci,ci3344423,2016-01-28T19:43:55.760Z,"44km WSW of Carlsbad, CA",earthquake,2.22,31.61,0.052,7,reviewed,ci,ci
1962-04-22T18:05:33.610Z,33.1303333,-116.5206667,6.63,3.32,ml,4,235,0.3629,0.51,ci,ci3344422,2016-01-28T19:31:12.540Z,"10km NE of Julian, CA",earthquake,9.43,4.35,0.316,9,reviewed,ci,ci
1962-04-21T18:40:01.970Z,37.119,-116.0315,0.2,3.85,ml,0,277.1,1.759,0.76,ci,ci3344419,2016-04-02T03:24:54.000Z,"68km ENE of Beatty, NV",nuclear explosion,,,,10,reviewed,ci,ci
1962-04-19T06:22:34.260Z,34.3138333,-119.2295,6,3.87,ml,12,95,0.421,0.72,ci,ci3344415,2016-01-28T19:35:24.740Z,"4km N of Ventura, CA",earthquake,1.48,31.61,0.188,9,reviewed,ci,ci
1962-04-15T08:41:02.300Z,36.415,-120.617,21,4.7,ml,,,,,ushis,ushis2546,2018-06-04T20:43:45.000Z,"22 km WSW of Three Rocks, California",earthquake,,,,,reviewed,ushis,brk
1962-04-15T07:08:24.020Z,34.2715,-119.3146667,6,3.31,ml,9,77,,0.69,ci,ci3344413,2016-01-28T19:31:12.000Z,"8km W of Ventura, CA",earthquake,1.83,31.61,0.148,10,reviewed,ci,ci
1962-04-14T18:00:01.120Z,37.222,-116.1573333,0.2,3.77,ml,8,281,1.665,1.79,ci,ci3344411,2016-01-28T19:43:55.220Z,"63km ENE of Beatty, NV",nuclear explosion,99,31.61,0.05,7,reviewed,ci,ci
1962-04-13T15:38:51.900Z,38.222,-119.455,6,5.1,ml,,,,,ushis,ushis2544,2018-06-04T20:43:45.000Z,"19 km W of Bridgeport, California",earthquake,,,,,reviewed,ushis,brk
1962-04-12T18:00:01.500Z,37.1271667,-116.0448333,0.2,3.15,ml,7,282,1.749,1.03,ci,ci3344407,2016-01-28T20:01:08.180Z,"68km ENE of Beatty, NV",nuclear explosion,99,31.61,0.1,4,reviewed,ci,ci
1962-04-08T20:29:19.850Z,35.0588333,-119.1506667,6,3.15,ml,7,163,0.687,0.3,ci,ci3344405,2016-01-28T19:43:54.700Z,"23km E of Maricopa, CA",earthquake,1.78,31.61,0.086,10,reviewed,ci,ci
1962-04-06T18:00:00.740Z,37.1176667,-116.044,0.2,4.08,ml,9,278,1.749,0.39,ci,ci3344463,2016-01-28T19:43:54.130Z,"67km ENE of Beatty, NV",nuclear explosion,99,31.61,0.059,11,reviewed,ci,ci
1962-04-05T18:00:01.070Z,37.0445,-116.0235,0.3,4.2,ml,11,277,1.765,0.65,ci,ci3344462,2016-01-28T19:39:29.420Z,"67km ENE of Beatty, NV",nuclear explosion,99,31.61,0.165,11,reviewed,ci,ci
1962-04-03T05:50:51.400Z,33.825,-120.3058333,6,3.37,ml,9,246,0.7858,0.58,ci,ci3344460,2016-01-28T19:43:53.560Z,"23km SW of Santa Rosa Is., CA",earthquake,2.7,31.61,0.149,10,reviewed,ci,ci
1962-04-02T03:05:41.000Z,35.2218333,-118.4646667,6,3.7,ml,13,94,0.44,0.47,ci,ci3344459,2016-01-28T20:01:07.690Z,"10km N of Tehachapi, CA",earthquake,1.1,31.61,0.074,10,reviewed,ci,ci
1962-04-01T09:09:24.460Z,35.244,-118.5548333,6,3.5,ml,13,54,0.423,0.64,ci,ci3344458,2016-01-28T19:56:54.900Z,"16km NW of Tehachapi, CA",earthquake,1.4,31.61,0.115,10,reviewed,ci,ci
1962-03-31T18:00:01.670Z,37.0468333,-116.0368333,0.1,3.6,ml,9,263,1.755,1.17,ci,ci3344456,2016-01-28T20:01:07.190Z,"66km ENE of Beatty, NV",nuclear explosion,99,31.61,0.128,7,reviewed,ci,ci
1962-03-28T18:00:01.050Z,37.1243333,-116.0338333,0.2,3.86,ml,12,265,1.758,0.5,ci,ci3344454,2016-01-28T19:31:10.970Z,"68km ENE of Beatty, NV",nuclear explosion,99,31.61,0.103,10,reviewed,ci,ci
1962-03-27T01:25:04.120Z,33.943,-117.5858333,6.04,3.3,ml,11,107,0.182,0.47,ci,ci3344453,2016-01-28T19:43:52.490Z,"4km WNW of Norco, CA",earthquake,1.06,1.8,0.251,8,reviewed,ci,ci
1962-03-26T21:09:46.960Z,33.9891667,-119.4498333,6,3,ml,4,192,0.7438,0.28,ci,ci3344452,2016-01-28T19:35:23.740Z,"8km SE of Santa Cruz Is. (E end), CA",earthquake,1.26,31.61,0.255,5,reviewed,ci,ci
1962-03-24T03:38:18.230Z,35.758,-118.0226667,6,3.63,ml,10,87,0.3504,0.27,ci,ci3344451,2016-01-28T19:48:11.910Z,"22km SSW of Little Lake, CA",earthquake,0.61,31.61,0.167,11,reviewed,ci,ci
1962-03-18T12:31:48.450Z,35.4346667,-118.7155,0,3.12,ml,10,109,0.2848,0.61,ci,ci3344448,2016-01-28T19:43:51.470Z,"26km SW of Bodfish, CA",earthquake,1.31,3.73,0.146,10,reviewed,ci,ci
1962-03-16T21:21:49.770Z,35.0266667,-119.0713333,0.54,3.36,ml,10,98,0.2091,0.65,ci,ci3344445,2016-01-28T20:01:06.670Z,"16km NW of Grapevine, CA",earthquake,1.63,3.24,0.11,11,reviewed,ci,ci
1962-03-15T16:30:01.010Z,37.044,-116.031,0.2,4.04,ml,12,263,1.759,0.96,ci,ci3344444,2016-01-28T19:48:11.420Z,"66km ENE of Beatty, NV",nuclear explosion,99,31.61,0.131,11,reviewed,ci,ci
1962-03-12T21:33:06.860Z,34.4961667,-121.4651667,6,3.9,mh,9,307,1.447,0.47,ci,ci10086662,2016-01-28T19:39:28.390Z,"91km WSW of Vandenberg Air Force Base, CA",earthquake,3.56,31.61,,0,reviewed,ci,ci
1962-03-10T15:24:19.550Z,34.816,-121.3823333,6,3.5,mh,5,322,1.425,0.39,ci,ci10086658,2016-01-28T19:39:27.920Z,"72km SW of Avila Beach, CA",earthquake,3.68,31.61,,0,reviewed,ci,ci
1962-03-10T13:40:46.730Z,34.4926667,-121.378,6,4,mh,10,306,1.375,0.88,ci,ci12277859,2016-04-02T04:07:26.190Z,"84km WSW of Vandenberg Air Force Base, CA",earthquake,5.8,31.61,,0,reviewed,ci,ci
1962-03-10T08:07:17.660Z,34.4741667,-121.8148333,6,4.2,mh,9,311,1.735,2.86,ci,ci12277851,2016-01-28T20:01:06.200Z,"122km WSW of Vandenberg Air Force Base, CA",earthquake,99,31.61,,0,reviewed,ci,ci
1962-03-08T18:00:01.570Z,37.1221667,-116.0488333,0.3,3.97,ml,8,308,1.746,0.81,ci,ci3344442,2016-01-28T19:35:23.220Z,"67km ENE of Beatty, NV",nuclear explosion,99,31.61,0.14,10,reviewed,ci,ci
1962-03-06T03:40:13.740Z,34.5425,-121.9791667,6,3.6,mh,8,298,1.873,0.58,ci,ci10086654,2016-01-28T19:52:41.860Z,"134km WSW of Avila Beach, CA",earthquake,4.42,31.61,,0,reviewed,ci,ci
1962-03-05T18:14:58.120Z,37.2016667,-116.0736667,0.01,3.67,ml,7,293,1.73,0.49,ci,ci3344438,2016-01-28T19:52:42.330Z,"69km ENE of Beatty, NV",nuclear explosion,4.09,31.61,0.054,9,reviewed,ci,ci
1962-03-05T08:51:59.950Z,32.986,-116.229,6,3.17,ml,3,197,0.482,0.23,ci,ci3344437,2016-01-28T19:43:50.970Z,"20km SSW of Ocotillo Wells, CA",earthquake,1.29,31.61,0.07,5,reviewed,ci,ci
1962-03-05T07:43:57.870Z,34.5556667,-121.4366667,6,4.5,mh,9,307,2.412,0.5,ci,ci12277847,2016-04-02T07:19:55.839Z,"87km WSW of Vandenberg Air Force Base, CA",earthquake,4.1,31.61,,0,reviewed,ci,ci
1962-03-04T23:24:54.060Z,32.9588333,-115.4841667,6,3.21,ml,4,264,0.1691,0.26,ci,ci3344501,2016-01-28T19:36:03.640Z,"5km ESE of Brawley, CA",earthquake,2.65,31.61,0.133,5,reviewed,ci,ci
1962-03-04T21:32:44.940Z,33.1096667,-115.67,6,3.56,ml,5,242,0.3266,0.38,ci,ci3344500,2016-01-28T20:01:51.420Z,"9km NNW of Westmorland, CA",earthquake,2.48,31.61,0.228,9,reviewed,ci,ci
1962-03-04T20:39:34.850Z,32.774,-115.1435,6,3.7,ml,4,290,0.3425,0.32,ci,ci3344499,2016-01-28T19:49:02.870Z,"22km E of Holtville, CA",earthquake,3.25,31.61,0.155,5,reviewed,ci,ci
1962-03-04T19:09:43.270Z,32.9411667,-115.4473333,6,3.23,ml,4,268,0.1661,0.44,ci,ci3344498,2016-01-28T19:31:46.660Z,"9km ESE of Brawley, CA",earthquake,4.16,31.61,0.131,5,reviewed,ci,ci
1962-03-01T19:10:00.160Z,37.0413333,-116.0286667,0.4,4.04,ml,11,262,1.76,1.65,ci,ci3344497,2016-01-28T19:39:27.410Z,"66km ENE of Beatty, NV",nuclear explosion,99,31.61,0.053,12,reviewed,ci,ci
1962-02-27T14:57:04.710Z,32.9845,-116.5226667,6,3.22,ml,4,316,0.8399,0.81,ci,ci3344496,2016-01-28T19:40:11.870Z,"13km SE of Julian, CA",earthquake,11.11,31.61,0.019,4,reviewed,ci,ci
1962-02-25T06:37:02.590Z,33.4808333,-116.4233333,6,3.28,ml,6,125,0.6926,0.44,ci,ci3344495,2016-01-28T19:35:22.300Z,"23km SSW of La Quinta, CA",earthquake,1.89,31.61,0.105,5,reviewed,ci,ci
1962-02-23T18:00:01.440Z,37.0483333,-116.0318333,0.1,4.03,ml,10,263,1.759,1.6,ci,ci3344494,2016-01-28T19:35:21.800Z,"66km ENE of Beatty, NV",nuclear explosion,99,31.61,0.098,11,reviewed,ci,ci
1962-02-22T22:03:13.960Z,37.1288333,-116.0483333,0.3,3.93,ml,6,332,,5.08,ci,ci3344492,2016-01-28T19:56:53.890Z,"67km ENE of Beatty, NV",nuclear explosion,99,31.61,0.243,9,reviewed,ci,ci
1962-02-19T17:50:01.090Z,37.1273333,-116.0371667,0.2,3.83,ml,8,278,1.755,0.89,ci,ci3344491,2016-01-28T19:48:10.920Z,"68km ENE of Beatty, NV",nuclear explosion,99,31.61,0.121,6,reviewed,ci,ci
1962-02-19T16:30:00.400Z,37.0491667,-116.0295,0.2,3.71,ml,9,280,1.761,1.16,ci,ci3344490,2016-01-28T19:52:41.290Z,"66km ENE of Beatty, NV",nuclear explosion,99,31.61,0.105,6,reviewed,ci,ci
1962-02-17T01:07:25.270Z,34.4903333,-118.2548333,5.27,3,ml,9,102,0.3118,0.3,ci,ci3344488,2016-04-02T00:54:52.728Z,"6km WNW of Acton, CA",earthquake,1.29,3.41,0.245,12,reviewed,ci,ci
1962-02-16T22:39:34.570Z,33.8885,-116.4886667,6,3.17,ml,7,114,0.6181,0.55,ci,ci3344487,2016-01-28T19:35:20.780Z,"6km ESE of Garnet, CA",earthquake,1.35,31.61,0.169,5,reviewed,ci,ci
1962-02-15T18:00:01.020Z,37.2263333,-116.0593333,0.3,4.28,ml,12,269,1.743,1.61,ci,ci3344486,2016-01-28T19:52:40.770Z,"71km ENE of Beatty, NV",nuclear explosion,99,31.61,0.161,12,reviewed,ci,ci
1962-02-09T16:30:01.170Z,37.0436667,-116.0388333,0.2,3.84,ml,11,275,1.753,1.52,ci,ci3344482,2016-01-28T19:56:52.890Z,"65km ENE of Beatty, NV",nuclear explosion,99,31.61,0.089,10,reviewed,ci,ci
1962-02-08T18:00:00.810Z,37.1271667,-116.0526667,0.2,3.93,ml,10,278,1.743,0.6,ci,ci3344480,2016-01-28T19:39:26.910Z,"67km ENE of Beatty, NV",nuclear explosion,99,31.61,0.043,9,reviewed,ci,ci
1962-02-08T11:24:54.210Z,35.0651667,-119.0166667,0.38,3.05,ml,8,141,0.2156,0.69,ci,ci3344479,2016-01-28T19:56:52.370Z,"16km NNW of Grapevine, CA",earthquake,1.82,4.51,0.074,10,reviewed,ci,ci
1962-02-06T15:44:21.490Z,34.1671667,-118.6916667,6,3.04,ml,10,142,0.432,0.49,ci,ci3344477,2016-01-28T19:52:39.740Z,"5km WNW of Calabasas, CA",earthquake,1.71,31.61,0.168,12,reviewed,ci,ci
1962-02-06T08:45:23.360Z,35.1335,-118.643,6,3.47,ml,12,61,0.336,0.44,ci,ci3344476,2016-01-28T19:56:51.830Z,"18km W of Tehachapi, CA",earthquake,1.02,31.61,0.127,12,reviewed,ci,ci
1962-02-05T16:25:36.180Z,35.269,-118.5293333,6,3.16,ml,11,84,0.4998,0.48,ci,ci3344475,2016-01-28T20:01:05.670Z,"17km NNW of Tehachapi, CA",earthquake,0.95,31.61,0.087,11,reviewed,ci,ci
1962-02-02T22:41:05.060Z,33.4913333,-116.879,14.82,3.48,ml,13,109,0.138,0.55,ci,ci3344472,2016-01-28T19:39:26.350Z,"6km NNW of Aguanga, CA",earthquake,1.37,2.85,0.195,10,reviewed,ci,ci
1962-02-02T14:26:50.970Z,33.932,-116.604,6,3.06,ml,9,111,0.6159,0.6,ci,ci3344470,2016-01-28T19:56:51.340Z,"6km WNW of Garnet, CA",earthquake,1.43,31.61,0.071,4,reviewed,ci,ci
1962-02-01T07:58:05.220Z,34.9628333,-121.1541667,6,3.85,ml,12,267,1.21,0.75,ci,ci3344468,2016-01-28T19:56:50.810Z,"45km WSW of Avila Beach, CA",earthquake,4.55,31.61,0.259,10,reviewed,ci,ci
1962-02-01T06:37:51.490Z,35.027,-120.9553333,6,4.43,ml,10,261,1.035,0.53,ci,ci3344466,2018-06-04T20:43:45.000Z,"26km SW of Avila Beach, CA",earthquake,4.89,31.61,0.11,12,reviewed,ci,ci
1962-01-31T08:33:10.600Z,34.9836667,-120.9353333,6,3.59,ml,8,313,1.033,0.55,ci,ci3344522,2016-01-28T20:01:05.110Z,"29km SW of Avila Beach, CA",earthquake,4.04,31.61,0.111,10,reviewed,ci,ci
1962-01-30T18:00:01.060Z,37.0468333,-116.0395,0.4,4.05,ml,10,276,1.753,0.42,ci,ci3344519,2016-01-28T19:48:09.370Z,"65km ENE of Beatty, NV",nuclear explosion,99,31.61,0.116,12,reviewed,ci,ci
1962-01-24T06:11:12.920Z,32.3966667,-115.67,6,3.42,ml,3,330,0.4134,0.44,ci,ci3344517,2016-01-28T19:40:12.390Z,"22km SSW of Progreso, B.C., MX",earthquake,5,31.61,0.151,4,reviewed,ci,ci
1962-01-18T18:00:01.340Z,37.0471667,-116.0343333,0.3,3.97,ml,13,263,1.757,1.06,ci,ci3344524,2016-01-28T19:31:07.970Z,"66km ENE of Beatty, NV",nuclear explosion,99,31.61,0.164,14,reviewed,ci,ci
1962-01-15T23:17:21.410Z,37.5423333,-118.3045,6,3.94,ml,6,312,0.4908,0.39,ci,ci3344510,2016-01-28T20:01:04.040Z,"20km NNE of Dixon Lane-Meadow Creek, CA",earthquake,2.99,31.61,0.171,9,reviewed,ci,ci
1962-01-15T04:32:00.300Z,33.8533333,-117.0726667,1.09,3.17,ml,6,172,0.288,0.39,ci,ci3344507,2016-01-28T19:48:08.860Z,"9km NE of Nuevo, CA",earthquake,3.28,3.28,0.251,11,reviewed,ci,ci
1962-01-09T16:30:01.140Z,37.0446667,-116.035,0.3,3.74,ml,8,277,1.756,1.18,ci,ci3344505,2016-01-28T19:31:07.470Z,"66km ENE of Beatty, NV",nuclear explosion,99,31.61,0.07,11,reviewed,ci,ci
1961-12-18T07:35:05.370Z,32.8856667,-115.5383333,6,3.61,ml,5,192,0.08748,0.6,ci,ci3344631,2016-01-28T19:57:30.340Z,"5km NE of Imperial, CA",earthquake,7.38,31.61,0.189,6,reviewed,ci,ci
1961-12-17T16:35:01.180Z,37.0431667,-116.0253333,0.2,3.87,ml,12,262,1.764,0.76,ci,ci3344630,2016-01-28T20:01:03.500Z,"66km ENE of Beatty, NV",nuclear explosion,99,31.61,0.084,6,reviewed,ci,ci
1961-12-14T11:51:14.590Z,35.97,-120.4701667,6,3.95,ml,12,297,0.8718,0.51,ci,ci3344629,2016-01-28T19:48:08.330Z,"9km NNW of Parkfield, CA",earthquake,3.43,31.61,0.07,11,reviewed,ci,ci
1961-12-13T18:00:02.040Z,37.1266667,-116.0486667,0.2,3.06,mh,4,316,1.746,1.87,ci,ci3344628,2016-01-28T20:01:03.010Z,"67km ENE of Beatty, NV",nuclear explosion,99,31.61,0.13,12,reviewed,ci,ci
1961-12-12T20:38:33.940Z,36.679,-120.312,6,3.52,ml,8,275,1.425,0.7,ci,ci3344627,2016-01-28T19:56:49.320Z,"10km SE of Mendota, CA",earthquake,4.49,31.61,0.188,9,reviewed,ci,ci
1961-12-04T15:55:50.530Z,32.8728333,-116.2498333,6,3.19,ml,5,211,0.4044,0.53,ci,ci3344620,2016-01-28T19:56:48.820Z,"27km ENE of Pine Valley, CA",earthquake,2.39,31.61,0.03,5,reviewed,ci,ci
1961-12-03T23:05:00.310Z,37.0458333,-116.0276667,0.01,4.12,ml,13,263,1.762,0.95,ci,ci3344619,2016-01-28T20:01:02.410Z,"66km ENE of Beatty, NV",nuclear explosion,99,31.61,0.055,12,reviewed,ci,ci
1961-12-03T00:45:19.620Z,34.9463333,-118.959,3.14,3.32,ml,10,97,0.08893,0.49,ci,ci3344618,2016-01-28T19:35:19.800Z,"3km W of Grapevine, CA",earthquake,1.04,1.89,0.268,12,reviewed,ci,ci
1961-11-26T22:13:33.960Z,34.9468333,-118.9473333,6,3.04,ml,8,97,0.7562,0.41,ci,ci3344616,2016-01-28T19:31:05.950Z,"2km WNW of Grapevine, CA",earthquake,1.19,31.61,0.124,10,reviewed,ci,ci
1961-11-26T02:37:57.760Z,36.0555,-116.0668333,6,3.6,ml,5,294,1.265,0.51,ci,ci3344614,2016-01-28T19:56:48.330Z,"18km SSW of Pahrump, NV",earthquake,6.29,31.61,0.093,8,reviewed,ci,ci
1961-11-20T11:33:20.240Z,33.8998333,-118.1823333,1.73,3.23,ml,11,107,0.2482,0.38,ci,ci3344610,2016-01-28T19:56:47.840Z,"2km WNW of Paramount, CA",earthquake,0.72,1.66,0.187,10,reviewed,ci,ci
1961-11-20T08:53:35.320Z,33.7275,-117.9711667,6,4.1,ml,12,117,0.4516,0.53,ci,ci3344609,2016-01-28T19:52:36.810Z,"3km NW of Fountain Valley, CA",earthquake,1.22,31.61,0.217,12,reviewed,ci,ci
1961-11-19T22:59:51.850Z,35.7345,-118.0246667,6,3.45,ml,11,85,0.3567,0.46,ci,ci3344608,2016-01-28T19:52:36.310Z,"22km WNW of Inyokern, CA",earthquake,1.11,31.61,0.056,12,reviewed,ci,ci
1961-11-18T04:04:54.470Z,34.0023333,-116.2176667,6,3.54,ml,9,224,0.5644,0.51,ci,ci3344606,2016-01-28T19:39:22.690Z,"17km SSE of Joshua Tree, CA",earthquake,2.09,31.61,0.215,12,reviewed,ci,ci
1961-11-18T03:18:36.000Z,35.3901667,-117.7701667,6,4.3,ml,14,115,0.4473,0.43,ci,ci3344605,2016-01-28T19:48:06.290Z,"12km W of Johannesburg, CA",earthquake,1.57,31.61,0.121,11,reviewed,ci,ci
1961-11-15T05:38:55.620Z,34.9463333,-118.9871667,5.45,4.97,ml,13,137,0.1033,0.55,ci,ci3344602,2018-06-04T20:43:45.000Z,"5km W of Grapevine, CA",earthquake,1.17,1.79,0.072,9,reviewed,ci,ci
1961-11-13T18:39:53.730Z,34.0785,-118.8613333,6,3.71,ml,9,186,0.5768,0.53,ci,ci3344598,2016-01-28T19:52:34.770Z,"9km SW of Westlake Village, CA",earthquake,2.75,31.61,0.241,12,reviewed,ci,ci
1961-11-09T23:01:09.730Z,34.492,-118.2645,0.85,3.05,ml,10,101,0.3174,0.27,ci,ci3344596,2016-01-28T19:56:46.790Z,"6km E of Agua Dulce, CA",quarry blast,1.02,1.54,0.143,12,reviewed,ci,ci
1961-11-06T23:28:24.020Z,35.3425,-117.9181667,6,3.27,ml,11,130,0.5397,0.56,ci,ci3344683,2016-01-28T19:48:04.270Z,"25km NNE of California City, CA",earthquake,1.73,31.61,0.114,10,reviewed,ci,ci
1961-11-04T10:59:31.810Z,33.3201667,-119.0578333,6,3.02,ml,9,152,0.384,0.57,ci,ci3344682,2016-01-28T19:56:46.310Z,"17km S of Santa Barbara Is., CA",earthquake,2.11,31.61,0.067,7,reviewed,ci,ci
1961-10-31T12:38:04.350Z,35.2388333,-118.6048333,6,3.28,ml,10,86,0.4363,0.56,ci,ci3344676,2016-01-28T19:43:46.950Z,"18km NW of Tehachapi, CA",earthquake,1.49,31.61,0.114,9,reviewed,ci,ci
1961-10-31T12:31:17.230Z,35.2351667,-118.621,6,3.03,ml,9,85,0.4291,0.62,ci,ci3344675,2016-01-28T20:01:00.280Z,"19km E of Arvin, CA",earthquake,1.33,31.61,0.136,9,reviewed,ci,ci
1961-10-31T12:17:53.960Z,35.2255,-118.6018333,6,3.07,ml,9,86,0.4297,0.6,ci,ci3344672,2016-01-28T19:48:03.260Z,"17km NW of Tehachapi, CA",earthquake,1.51,31.61,0.188,9,reviewed,ci,ci
1961-10-31T00:00:44.230Z,36.4138333,-117.952,6,3.5,mh,5,280,0.6623,0.63,ci,ci10086638,2016-01-28T19:31:03.480Z,"15km NNE of Olancha, CA",earthquake,6.49,31.61,,0,reviewed,ci,ci
1961-10-29T18:30:01.890Z,37.0485,-116.0311667,0.2,3.13,ml,4,331,1.763,1.11,ci,ci3344668,2016-01-28T19:39:20.210Z,"66km ENE of Beatty, NV",nuclear explosion,99,31.61,0.215,7,reviewed,ci,ci
1961-10-21T08:47:58.470Z,33.6715,-117.9346667,2.8,3.31,ml,11,121,0.3731,0.54,ci,ci3344665,2016-01-28T20:00:59.290Z,"2km WNW of Costa Mesa, CA",earthquake,1.65,4.53,0.194,12,reviewed,ci,ci
1961-10-21T04:38:51.960Z,33.7116667,-117.9585,8.23,3.48,ml,12,118,0.3467,0.56,ci,ci3344663,2016-01-28T19:52:32.670Z,"0km WNW of Fountain Valley, CA",earthquake,1.27,2.21,0.226,12,reviewed,ci,ci
1961-10-20T22:35:33.600Z,33.6713333,-118.0073333,0.04,4.12,ml,13,121,0.3143,0.25,ci,ci3344662,2016-01-28T19:35:16.750Z,"2km SSW of Huntington Beach, CA",earthquake,0.79,1.72,0.201,12,reviewed,ci,ci
1961-10-20T21:42:40.250Z,33.673,-117.9796667,0.35,4.1,ml,12,121,0.3362,0.41,ci,ci3344660,2016-01-28T19:56:45.220Z,"3km SE of Huntington Beach, CA",earthquake,1.02,2.23,0.124,11,reviewed,ci,ci
1961-10-20T20:19:37.440Z,33.6861667,-117.9765,6,3.28,ml,9,120,0.4887,0.32,ci,ci3344659,2016-01-28T19:43:46.450Z,"2km ESE of Huntington Beach, CA",earthquake,1.12,31.61,0.249,12,reviewed,ci,ci
1961-10-20T20:07:13.880Z,33.6661667,-117.9805,0.01,4.12,ml,13,122,0.3372,0.28,ci,ci3344658,2016-01-28T19:39:19.650Z,"4km SSE of Huntington Beach, CA",earthquake,0.85,1.85,0.098,11,reviewed,ci,ci
1961-10-20T19:55:09.320Z,33.676,-117.968,1.21,3.44,ml,9,120,0.345,0.21,ci,ci3344657,2016-01-28T19:31:02.950Z,"4km ESE of Huntington Beach, CA",earthquake,0.73,1.86,0.125,12,reviewed,ci,ci
1961-10-20T19:49:50.180Z,33.671,-117.984,0.62,4.58,ml,16,121,0.3332,0.34,ci,ci3344656,2018-06-04T20:43:45.000Z,"3km SSE of Huntington Beach, CA",earthquake,0.82,1.79,0.091,11,reviewed,ci,ci
1961-10-20T19:44:25.140Z,33.7031667,-117.9493333,0.18,3.12,ml,10,119,0.3554,0.47,ci,ci3344655,2016-01-28T19:56:44.690Z,"1km SSE of Fountain Valley, CA",earthquake,1.11,2.3,0.205,10,reviewed,ci,ci
1961-10-20T19:20:20.320Z,33.68,-118,6,3.19,mh,0,360,0.6066,0.482,ci,ci3344654,2016-01-28T19:52:32.170Z,"1km S of Huntington Beach, CA",earthquake,,,0.103,3,reviewed,ci,ci
1961-10-20T19:19:11.970Z,33.6771667,-117.9765,6,3.78,ml,12,121,0.4972,0.21,ci,ci3344653,2016-01-28T19:56:44.120Z,"3km SE of Huntington Beach, CA",earthquake,0.78,31.61,0.1,12,reviewed,ci,ci
1961-10-19T05:09:44.520Z,35.8643333,-117.7946667,6.29,5.13,ml,14,122,,0.4,ci,ci3344648,2018-06-04T20:43:45.000Z,"13km SE of Little Lake, CA",earthquake,1.09,2.27,0.083,7,reviewed,ci,ci
1961-10-19T05:01:01.860Z,35.8395,-117.8243333,0.19,3.53,ml,11,111,,0.6,ci,ci3344647,2016-01-28T20:00:58.300Z,"13km SE of Little Lake, CA",earthquake,1.39,3.05,0.113,12,reviewed,ci,ci
1961-10-18T11:11:54.710Z,33.5243333,-116.7875,6,3.11,ml,5,126,0.6774,0.38,ci,ci3344646,2016-01-28T19:39:18.660Z,"11km WSW of Anza, CA",earthquake,1.23,31.61,0.149,5,reviewed,ci,ci
1961-10-13T11:49:47.900Z,35.7786667,-117.2203333,6,3.19,ml,8,203,0.3088,0.4,ci,ci3344642,2016-01-28T19:43:44.920Z,"14km E of Trona, CA",earthquake,1.64,31.61,0.24,12,reviewed,ci,ci
1961-10-11T17:49:58.090Z,34.4315,-116.8116667,6,3.3,ml,9,150,0.6397,0.52,ci,ci3344641,2016-01-28T19:39:18.170Z,"14km E of Lucerne Valley, CA",earthquake,1.44,31.61,0.265,8,reviewed,ci,ci
1961-10-10T18:00:01.270Z,37.1943333,-116.207,0.3,3.74,ml,7,279,1.623,0.38,ci,ci3344640,2016-01-28T19:56:43.590Z,"58km ENE of Beatty, NV",nuclear explosion,99,31.61,0.201,6,reviewed,ci,ci
1961-10-10T08:38:35.550Z,35.1008333,-118.8068333,6,3.21,ml,9,88,0.2413,0.37,ci,ci3344639,2016-01-28T19:52:31.110Z,"12km S of Arvin, CA",earthquake,1.09,31.61,0.102,10,reviewed,ci,ci
1961-10-08T08:54:49.880Z,35.1546667,-117.1071667,6,3.33,ml,9,202,0.7715,0.51,ci,ci3344762,2016-01-28T19:56:43.090Z,"30km NNW of Barstow, CA",earthquake,2.68,31.61,0.14,11,reviewed,ci,ci
1961-10-04T03:52:57.330Z,33.8376667,-117.7445,0.88,3.34,ml,7,171,0.344,0.29,ci,ci3344752,2016-01-28T19:48:01.230Z,"7km ENE of Villa Park, CA",earthquake,1.1,1.92,0.204,11,reviewed,ci,ci
1961-10-04T02:21:30.890Z,33.853,-117.7536667,0.59,4.4,ml,13,150,0.3443,0.43,ci,ci3344750,2016-01-28T19:48:00.240Z,"7km SE of Yorba Linda, CA",earthquake,1.19,2.45,0.277,11,reviewed,ci,ci
1961-10-03T02:59:16.130Z,37.4816667,-118.5666667,6,3.78,ml,8,302,0.5041,0.53,ci,ci3344744,2016-01-28T19:47:59.150Z,"17km NW of West Bishop, CA",earthquake,3.86,31.61,0.125,8,reviewed,ci,ci
1961-10-02T16:22:25.980Z,37.6135,-117.6656667,6,3.48,ml,4,318,0.717,0.11,ci,ci3344733,2016-01-28T19:31:00.370Z,"64km SW of Tonopah, NV",earthquake,3.89,31.61,0.179,7,reviewed,ci,ci
1961-10-02T12:49:34.360Z,37.6218333,-117.7901667,6,3.1,ml,4,323,0.6663,0.5,ci,ci3344732,2016-01-28T19:39:17.150Z,"60km ENE of Bishop, CA",earthquake,4.38,31.61,0.046,5,reviewed,ci,ci
1961-10-02T07:03:58.450Z,37.635,-117.7711667,6,3.13,ml,3,322,0.6855,0.17,ci,ci3344730,2016-01-28T19:52:29.050Z,"63km ENE of Bishop, CA",earthquake,2.2,31.61,0.023,5,reviewed,ci,ci
1961-10-01T17:16:38.370Z,37.662,-117.7251667,6,3.8,ml,5,322,0.728,0.33,ci,ci3344726,2016-01-28T19:43:43.410Z,"63km SW of Tonopah, NV",earthquake,2.15,31.61,0.19,11,reviewed,ci,ci
1961-09-30T17:46:40.700Z,33.9921667,-117.2813333,13.14,3.19,ml,7,137,0.07821,0.52,ci,ci3344725,2016-01-28T19:30:59.870Z,"6km SSE of Grand Terrace, CA",earthquake,2.71,1.51,0.37,3,reviewed,ci,ci
1961-09-30T08:43:02.460Z,32.4423333,-115.6296667,6,3.33,ml,4,286,0.9117,0.33,ci,ci3344723,2016-01-28T19:47:58.660Z,"16km SSW of Progreso, B.C., MX",earthquake,3.75,31.61,0.16,5,reviewed,ci,ci
1961-09-28T08:28:31.310Z,35.7996667,-117.6208333,0.94,3.74,ml,8,144,0.02483,0.52,ci,ci3344720,2016-01-28T19:35:15.760Z,"20km W of Searles Valley, CA",earthquake,1.57,2.71,0.086,11,reviewed,ci,ci
1961-09-28T01:15:41.710Z,33.2003333,-119.0965,6,3.11,ml,9,199,0.3473,0.55,ci,ci3344719,2016-01-28T19:47:58.200Z,"30km S of Santa Barbara Is., CA",earthquake,2.53,31.61,0.097,8,reviewed,ci,ci
1961-09-23T08:06:17.570Z,36.514,-121.8916667,6,3.52,ml,8,300,2.106,0.71,ci,ci3344718,2016-01-28T19:39:15.660Z,"5km SSE of Carmel-by-the-Sea, CA",earthquake,5.13,31.61,0.141,8,reviewed,ci,ci
1961-09-23T06:47:44.760Z,33.2105,-116.2201667,6,3.7,ml,5,172,0.5568,0.28,ci,ci3344716,2016-01-28T19:30:59.380Z,"11km NW of Ocotillo Wells, CA",earthquake,1,31.61,0.155,9,reviewed,ci,ci
1961-09-21T19:00:16.940Z,32.9866667,-116.2098333,6,3.28,ml,6,199,0.495,0.7,ci,ci3344715,2016-01-28T19:43:42.410Z,"19km SSW of Ocotillo Wells, CA",earthquake,3.25,31.61,0.082,6,reviewed,ci,ci
1961-09-21T18:07:54.000Z,33.0185,-116.2631667,6,3.21,ml,3,189,0.4821,0.22,ci,ci3344714,2016-01-28T19:56:41.040Z,"18km SW of Ocotillo Wells, CA",earthquake,1.17,31.61,0.138,6,reviewed,ci,ci
1961-09-20T05:04:11.170Z,33.0748333,-116.2195,6,4.28,ml,8,188,0.5478,0.62,ci,ci3344711,2016-01-28T19:39:14.570Z,"11km SW of Ocotillo Wells, CA",earthquake,1.85,31.61,0.14,11,reviewed,ci,ci
1961-09-19T20:54:35.590Z,32.9873333,-116.231,6,3.48,ml,5,197,0.4815,0.76,ci,ci3344708,2016-01-28T19:47:57.660Z,"20km SSW of Ocotillo Wells, CA",earthquake,3.31,31.61,0.095,4,reviewed,ci,ci
1961-09-19T06:10:10.620Z,33.051,-116.2278333,6,3.55,ml,6,190,0.526,0.67,ci,ci3344705,2016-01-28T19:35:15.230Z,"14km SW of Ocotillo Wells, CA",earthquake,1.95,31.61,0.157,8,reviewed,ci,ci
1961-09-18T19:15:13.570Z,33.021,-116.2353333,6,3.28,ml,4,193,0.5008,0.63,ci,ci3344703,2016-01-28T19:43:41.430Z,"17km SW of Ocotillo Wells, CA",earthquake,2.9,31.61,0.356,5,reviewed,ci,ci
1961-09-17T04:03:15.990Z,33.0013333,-116.2231667,6,3.09,ml,6,196,0.4955,0.58,ci,ci3344702,2016-01-28T19:52:28.570Z,"18km SSW of Ocotillo Wells, CA",earthquake,1.98,31.61,0.211,5,reviewed,ci,ci
1961-09-17T02:13:23.890Z,33.0335,-116.2178333,6,3.3,ml,4,193,0.5201,0.28,ci,ci3344700,2016-01-28T19:30:57.900Z,"15km SSW of Ocotillo Wells, CA",earthquake,1.19,31.61,0.035,5,reviewed,ci,ci
1961-09-17T01:53:29.230Z,33.0405,-116.2573333,6,3.26,ml,4,188,0.5011,0.42,ci,ci3344699,2016-01-28T19:56:40.540Z,"16km SW of Ocotillo Wells, CA",earthquake,1.69,31.61,0.048,5,reviewed,ci,ci
1961-09-17T00:52:15.640Z,32.9478333,-116.1498333,6,3.16,ml,5,210,0.5146,0.46,ci,ci3344698,2016-01-28T19:35:14.730Z,"22km S of Ocotillo Wells, CA",earthquake,3.06,31.61,0.187,4,reviewed,ci,ci
1961-09-16T20:09:10.710Z,32.9516667,-116.153,6,3.04,ml,6,210,0.5143,0.65,ci,ci3344697,2016-01-28T19:39:14.060Z,"21km S of Ocotillo Wells, CA",earthquake,3.36,31.61,0.235,5,reviewed,ci,ci
1961-09-16T19:49:40.790Z,33.0088333,-116.2451667,6,4.39,ml,10,193,0.4865,0.63,ci,ci3344696,2016-01-28T19:39:13.500Z,"18km SW of Ocotillo Wells, CA",earthquake,2.23,31.61,0.051,10,reviewed,ci,ci
1961-09-16T05:50:47.160Z,33.0011667,-116.2648333,6,3.63,ml,8,192,0.4692,0.68,ci,ci3344808,2016-01-28T19:47:56.190Z,"20km SW of Ocotillo Wells, CA",earthquake,2.35,31.61,0.099,12,reviewed,ci,ci
1961-09-16T05:14:23.780Z,33.0393333,-116.2793333,6,3.08,ml,6,185,0.4875,0.54,ci,ci3344807,2016-01-28T19:47:55.690Z,"18km SW of Ocotillo Wells, CA",earthquake,1.74,31.61,0.032,5,reviewed,ci,ci
1961-09-15T17:00:00.590Z,37.1878333,-116.2078333,0.04,4.2,ml,13,266,1.622,0.83,ci,ci3344805,2016-01-28T19:39:13.000Z,"58km ENE of Beatty, NV",nuclear explosion,99,31.61,0.163,12,reviewed,ci,ci
1961-09-13T04:32:56.690Z,32.3661667,-115.2046667,6,3,ml,5,300,1.279,0.86,ci,ci3344800,2016-01-28T19:47:55.220Z,"2km NW of Delta, B.C., MX",earthquake,7.51,31.61,0.07,5,reviewed,ci,ci
1961-09-12T20:39:21.180Z,32.5125,-115.3516667,6,3.71,ml,3,290,1.127,0.04,ci,ci3344799,2016-01-28T19:47:54.740Z,"6km S of Puebla, B.C., MX",earthquake,2.11,31.61,0.333,4,reviewed,ci,ci
1961-09-12T19:38:29.030Z,32.2106667,-115.0745,6,3.25,ml,4,307,1.43,0.5,ci,ci3344798,2016-01-28T19:52:26.620Z,"7km WNW of Estacion Coahuila, B.C., MX",earthquake,5.97,31.61,0.161,8,reviewed,ci,ci
1961-09-12T19:20:38.000Z,32.5,-115.35,4.1,4.1,mh,,,,,ci,ci12277843,2016-04-02T07:19:54.546Z,"7km S of Puebla, B.C., MX",earthquake,,,,0,reviewed,ci,ci
1961-09-12T19:18:49.210Z,32.7415,-115.5698333,6,4.75,ml,4,270,0.9313,0.38,ci,ci3344797,2018-06-04T20:43:45.000Z,"4km WNW of Heber, CA",earthquake,6.51,31.61,0.234,12,reviewed,ci,ci
1961-09-07T20:50:42.550Z,35.0466667,-119.0611667,0.98,3.26,ml,8,153,0.2191,0.52,ci,ci3344796,2016-01-28T19:56:40.050Z,"17km NW of Grapevine, CA",earthquake,1.3,2.44,0.12,13,reviewed,ci,ci
1961-09-05T08:41:42.630Z,32.7558333,-115.4061667,6,3.65,ml,6,278,,0.51,ci,ci3344795,2016-01-28T19:44:36.230Z,"7km SSW of Holtville, CA",earthquake,3.11,31.61,0.435,7,reviewed,ci,ci
1961-09-03T14:21:02.970Z,33.073,-116.2606667,6,3.25,ml,4,183,0.5229,0.27,ci,ci3344792,2016-01-28T19:52:26.130Z,"14km WSW of Ocotillo Wells, CA",earthquake,1.13,31.61,0.053,5,reviewed,ci,ci
1961-09-01T16:51:49.000Z,35.2121667,-118.504,6,4.07,ml,10,92,0.4503,0.48,ci,ci3344790,2016-01-28T19:35:13.720Z,"10km NNW of Tehachapi, CA",earthquake,1.7,31.61,0.059,12,reviewed,ci,ci
1961-08-31T04:31:20.960Z,35.2981667,-118.5463333,6,3.29,ml,8,87,0.3686,0.52,ci,ci3344789,2016-01-28T19:52:25.630Z,"20km NNW of Tehachapi, CA",earthquake,1.5,31.61,0.129,12,reviewed,ci,ci
1961-08-26T23:50:03.210Z,33.0006667,-116.1661667,6,3.15,ml,3,279,0.5326,0.23,ci,ci3344787,2016-01-28T19:56:39.520Z,"16km SSW of Ocotillo Wells, CA",earthquake,2.34,31.61,0.063,5,reviewed,ci,ci
1961-08-26T21:47:45.530Z,33.269,-116.8246667,3.04,3.05,ml,7,142,0.09018,0.42,ci,ci3344786,2016-01-28T19:52:25.110Z,"6km WNW of Lake Henshaw, CA",earthquake,1.7,2.21,0.07,5,reviewed,ci,ci
1961-08-23T17:59:47.000Z,42.4,-123.2,,4.6,ml,,,,,ushis,ushis2509,2018-06-04T20:43:45.000Z,"4 km SSW of Rogue River, Oregon",earthquake,,,,,reviewed,ushis,brk
1961-08-23T12:50:21.490Z,33.0343333,-116.1631667,6,3.05,ml,5,253,0.5553,0.36,ci,ci3344785,2016-01-28T19:56:39.020Z,"12km SSW of Ocotillo Wells, CA",earthquake,2.53,31.61,0.107,5,reviewed,ci,ci
1961-08-23T01:00:47.580Z,33.0531667,-116.2263333,6,4.69,ml,8,190,0.5284,0.59,ci,ci3344781,2018-06-04T20:43:45.000Z,"13km SW of Ocotillo Wells, CA",earthquake,2.18,31.61,0.111,9,reviewed,ci,ci
1961-08-23T00:25:08.350Z,33.0358333,-116.225,6,3.53,ml,7,191,0.5172,0.49,ci,ci3344776,2016-01-28T19:47:53.780Z,"15km SW of Ocotillo Wells, CA",earthquake,1.67,31.61,0.116,6,reviewed,ci,ci
1961-08-23T00:22:10.190Z,33.0565,-116.255,6,3.87,ml,9,186,0.514,0.41,ci,ci3344775,2016-01-28T19:47:53.260Z,"15km SW of Ocotillo Wells, CA",earthquake,1.3,31.61,0.057,11,reviewed,ci,ci
1961-08-22T23:31:48.250Z,33.0268333,-116.2288333,6,3.1,ml,5,193,0.5088,0.37,ci,ci3344774,2016-01-28T19:35:12.750Z,"16km SW of Ocotillo Wells, CA",earthquake,1.28,31.61,0.201,6,reviewed,ci,ci
1961-08-22T23:19:33.960Z,33.068,-116.3155,6,4.35,ml,9,106,0.4896,0.52,ci,ci3344772,2016-01-28T19:40:12.920Z,"19km WSW of Ocotillo Wells, CA",earthquake,1.21,31.61,0.108,9,reviewed,ci,ci
1961-08-22T01:30:45.300Z,33.954,-117.6043333,3.46,3.08,ml,7,145,0.1942,0.46,ci,ci3344770,2016-01-28T20:00:56.810Z,"6km WNW of Norco, CA",earthquake,1.18,1.8,0.315,4,reviewed,ci,ci
1961-08-13T13:30:45.290Z,33.1415,-116.376,6,3.06,ml,7,162,0.4594,0.44,ci,ci3344766,2016-01-28T19:30:55.400Z,"13km S of Borrego Springs, CA",earthquake,1.36,31.61,0.054,5,reviewed,ci,ci
1961-08-13T04:21:15.290Z,35.3846667,-118.4981667,0.05,3.22,ml,8,101,0.2782,0.69,ci,ci3344765,2016-01-28T19:39:10.880Z,"23km S of Bodfish, CA",earthquake,1.46,4.78,0.057,7,reviewed,ci,ci
1961-08-12T16:34:19.430Z,36.221,-118.392,6,3.16,ml,6,136,0.561,0.43,ci,ci3344764,2016-01-28T19:52:24.080Z,"35km W of Olancha, CA",earthquake,1.28,31.61,0.221,7,reviewed,ci,ci
1961-08-12T07:12:23.100Z,35.1003333,-116.7768333,6,3.44,ml,8,175,0.979,0.56,ci,ci3344763,2016-01-28T19:39:10.370Z,"20km SSW of Fort Irwin, CA",earthquake,2.7,31.61,0.082,6,reviewed,ci,ci
1961-08-08T11:44:34.370Z,35.2976667,-117.4936667,6,3.17,ml,8,144,0.5238,0.66,ci,ci3344837,2016-01-28T19:43:39.420Z,"15km ESE of Johannesburg, CA",earthquake,2.54,31.61,0.116,9,reviewed,ci,ci
1961-08-06T13:57:11.330Z,35.8248333,-116.8065,6,3.36,ml,6,284,0.6429,0.45,ci,ci3344836,2016-01-28T19:30:54.960Z,"51km WSW of Shoshone, CA",earthquake,3.04,31.61,0.037,12,reviewed,ci,ci
1961-08-04T16:56:09.100Z,39.2,-117.4,12,4.5,ml,,,,,ushis,ushis2505,2018-06-04T20:43:45.000Z,"28 km W of Kingston, Nevada",earthquake,,,,,reviewed,ushis,brk
1961-07-31T00:07:06.690Z,35.8801667,-120.347,6,4.64,ml,12,291,0.7382,0.57,ci,ci3344833,2018-06-04T20:43:45.000Z,"8km ESE of Parkfield, CA",earthquake,3.49,31.61,0.132,12,reviewed,ci,ci
1961-07-28T13:12:30.300Z,35.748,-117.9981667,6,3.23,ml,12,72,0.3327,0.55,ci,ci3344828,2016-01-28T19:56:37.470Z,"20km NW of Inyokern, CA",earthquake,1.18,31.61,0.241,12,reviewed,ci,ci
1961-07-28T06:47:18.850Z,32.864,-115.3325,6,3.99,ml,6,278,0.1937,0.65,ci,ci3344840,2016-01-28T19:36:04.140Z,"7km NE of Holtville, CA",earthquake,9.05,31.61,0.186,11,reviewed,ci,ci
1961-07-22T18:02:07.440Z,36.3541667,-120.3015,6,3.7,ml,7,270,1.12,0.5,ci,ci3350665,2016-01-28T19:47:52.760Z,"24km NNE of Coalinga, CA",earthquake,3.83,31.61,0.099,11,reviewed,ci,ci
1961-07-20T01:42:03.270Z,35.0295,-119.0836667,0.06,3.5,ml,11,77,0.2181,0.65,ci,ci3344820,2016-01-28T19:35:11.180Z,"17km NW of Grapevine, CA",earthquake,1.4,3.14,0.133,12,reviewed,ci,ci
1961-07-12T20:31:25.640Z,33.0843333,-116.6183333,4.57,3.46,ml,5,135,0.3377,0.5,ci,ci3344817,2016-01-28T19:52:23.090Z,"2km WNW of Julian, CA",earthquake,1.43,4.13,0.089,6,reviewed,ci,ci
1961-07-11T01:42:20.890Z,35.2393333,-118.5765,6,3.24,ml,11,88,0.4307,0.38,ci,ci3344816,2016-01-28T19:52:22.600Z,"17km NW of Tehachapi, CA",earthquake,0.79,31.61,0.161,11,reviewed,ci,ci
1961-07-10T23:25:45.740Z,35.2375,-118.5773333,6,3.81,ml,10,88,0.4326,0.47,ci,ci3344815,2016-01-28T19:35:10.630Z,"16km NW of Tehachapi, CA",earthquake,1.05,31.61,0.285,11,reviewed,ci,ci
1961-07-05T23:46:09.950Z,33.0106667,-116.2413333,6,3.34,ml,5,195,0.6196,0.36,ci,ci3344814,2016-01-28T19:44:37.250Z,"18km SW of Ocotillo Wells, CA",earthquake,1.82,31.61,0.028,4,reviewed,ci,ci
1961-07-04T11:09:11.000Z,40.13,-118.6,,5,ml,,,,,ushis,ushis2502,2018-06-04T20:43:45.000Z,"12 km WSW of Lovelock, Nevada",earthquake,,,,,reviewed,ushis,brk
1961-07-04T04:56:00.000Z,40.9,-118.4,,5.4,ml,,,,,ushis,ushis2501,2018-06-04T20:43:45.000Z,"33 km NW of Imlay, Nevada",earthquake,,,,,reviewed,ushis,brk
1961-06-17T09:51:33.330Z,33.0203333,-115.8393333,6,3.12,ml,3,232,0.3295,0.33,ci,ci3344870,2016-01-28T19:49:03.440Z,"20km W of Westmorland, CA",earthquake,2.28,31.61,0.167,5,reviewed,ci,ci
1961-06-15T04:59:11.190Z,34.0485,-117.0246667,15.81,3.38,ml,10,120,0.2965,0.51,ci,ci3344869,2016-01-28T20:00:55.790Z,"2km NE of Yucaipa, CA",earthquake,1.16,2.09,0.203,8,reviewed,ci,ci
1961-06-12T21:18:55.800Z,33.9125,-118.4718333,4.56,3.05,ml,9,107,0.1802,0.38,ci,ci3344868,2016-01-28T19:52:22.110Z,"5km W of El Segundo, CA",earthquake,0.87,1.8,0.087,5,reviewed,ci,ci
1961-05-30T22:01:38.260Z,32.6363333,-117.0298333,6,3.17,ml,6,247,0.3049,0.64,ci,ci3344872,2016-01-28T19:47:51.310Z,"2km ENE of Chula Vista, CA",earthquake,3.5,31.61,0.272,7,reviewed,ci,ci
1961-05-29T07:24:24.310Z,33.9851667,-117.0296667,20.42,3.01,ml,6,137,0.2874,0.24,ci,ci3344859,2016-01-28T19:52:21.610Z,"2km E of Calimesa, CA",earthquake,1.1,1.61,0.154,5,reviewed,ci,ci
1961-05-29T01:48:42.770Z,35.7266667,-117.7568333,0.41,3.4,ml,9,83,0.1571,0.52,ci,ci3344858,2016-01-28T19:30:53.110Z,"10km NNE of Inyokern, CA",earthquake,1.34,3.32,0.098,12,reviewed,ci,ci
1961-05-28T12:59:47.930Z,33.7361667,-116.088,6,4.25,ml,5,169,0.3754,0.24,ci,ci3344855,2016-01-28T19:35:09.150Z,"10km NE of Coachella, CA",earthquake,1.03,31.61,0.165,8,reviewed,ci,ci
1961-05-24T01:12:18.180Z,34.4298333,-116.5188333,6,3.59,ml,10,166,0.8327,0.75,ci,ci3344853,2016-01-28T19:52:21.120Z,"35km ENE of Big Bear City, CA",earthquake,2.09,31.61,0.104,12,reviewed,ci,ci
1961-05-12T15:29:28.020Z,37.7818333,-118.6813333,6,3.89,ml,5,313,0.8103,0.65,ci,ci3344849,2016-01-28T19:52:20.630Z,"31km ENE of Mammoth Lakes, CA",earthquake,4.17,31.61,0.074,9,reviewed,ci,ci
1961-05-12T13:59:18.430Z,37.7655,-118.6623333,6,3.76,ml,5,313,0.789,0.69,ci,ci3344848,2016-01-28T19:47:50.820Z,"31km ENE of Mammoth Lakes, CA",earthquake,4.36,31.61,0.096,7,reviewed,ci,ci
1961-05-11T11:01:41.200Z,33.115,-115.9493333,6,3.33,ml,5,212,0.6453,0.45,ci,ci3344847,2016-01-28T20:00:54.810Z,"17km E of Ocotillo Wells, CA",earthquake,2.08,31.61,0.073,6,reviewed,ci,ci
1961-05-09T12:20:59.630Z,35.6436667,-119.3515,6,3.14,ml,11,166,0.4168,0.61,ci,ci3344845,2016-01-28T19:56:35.000Z,"6km N of Wasco, CA",earthquake,1.71,31.61,0.086,11,reviewed,ci,ci
1961-05-07T06:02:46.830Z,34.3261667,-118.5501667,6,3.15,ml,12,82,0.3606,0.52,ci,ci3344844,2016-01-28T19:35:08.660Z,"8km NW of Granada Hills, CA",earthquake,1.15,31.61,0.205,12,reviewed,ci,ci
1961-05-01T05:34:17.110Z,33.2401667,-115.9436667,6,3.35,ml,4,200,0.531,0.67,ci,ci3345127,2016-01-28T19:40:13.430Z,"7km S of Salton City, CA",earthquake,2.86,31.61,0.141,6,reviewed,ci,ci
1961-04-30T08:35:19.630Z,33.696,-119.2308333,6,3.1,ml,10,218,0.8446,0.37,ci,ci3344898,2016-01-28T20:00:54.310Z,"30km NNW of Santa Barbara Is., CA",earthquake,2.05,31.61,0.168,11,reviewed,ci,ci
1961-04-28T06:30:19.170Z,33.0948333,-115.998,6,4.29,ml,6,209,0.4794,0.5,ci,ci3344897,2016-01-28T19:36:05.180Z,"14km ESE of Ocotillo Wells, CA",earthquake,1.97,31.61,0.133,12,reviewed,ci,ci
1961-04-11T21:26:58.820Z,35.2083333,-118.5895,6,3.28,ml,13,88,0.4218,0.63,ci,ci3344894,2016-01-28T19:43:37.440Z,"15km WNW of Tehachapi, CA",earthquake,1.35,31.61,0.091,11,reviewed,ci,ci
1961-04-09T07:25:41.000Z,36.683,-121.3,,5.5,ml,,,,,ushis,ushis2492,2018-06-04T20:43:45.000Z,"12 km S of Tres Pinos, California",earthquake,,,,,reviewed,ushis,brk
1961-04-09T07:23:21.580Z,36.732,-121.222,12,5.88,mw,,,,,iscgem,iscgem876374,2022-04-26T16:18:38.811Z,"10 km SE of Tres Pinos, California",earthquake,,3.9,0.24,,reviewed,iscgem,iscgem
1961-04-08T09:29:49.860Z,36.0691667,-120.3703333,6,3.59,ml,10,258,0.8985,0.38,ci,ci3344892,2016-01-28T19:39:07.340Z,"8km S of Coalinga, CA",earthquake,2.21,31.61,0.231,9,reviewed,ci,ci
1961-04-06T04:04:45.000Z,40.183,-124.75,,5.1,ml,,,,,ushis,ushis2490,2018-06-04T20:43:45.000Z,"60 km SW of Ferndale, California",earthquake,,,,,reviewed,ushis,brk
1961-04-04T21:32:18.960Z,33.729,-117.8728333,6,3.46,ml,6,138,0.4864,0.69,ci,ci3344890,2016-01-28T19:30:51.330Z,"2km SSE of Santa Ana, CA",earthquake,2.08,31.61,0.366,9,reviewed,ci,ci
1961-04-01T21:28:48.810Z,35.4003333,-118.6108333,6,3.59,ml,12,62,0.2847,0.57,ci,ci3344888,2016-01-28T19:47:49.800Z,"24km SSW of Bodfish, CA",earthquake,0.96,31.61,0.059,11,reviewed,ci,ci
1961-04-01T15:33:21.260Z,35.3876667,-118.6,6,3.04,ml,10,82,0.3698,0.34,ci,ci3344887,2016-01-28T20:00:53.320Z,"24km SSW of Bodfish, CA",earthquake,0.7,31.61,0.066,11,reviewed,ci,ci
1961-03-27T09:14:39.430Z,36.7356667,-116.032,6,3.25,mh,3,314,1.563,0.59,ci,ci3344882,2016-01-28T19:43:36.950Z,"59km N of Pahrump, NV",earthquake,10.14,31.61,0.131,12,reviewed,ci,ci
1961-03-27T09:00:38.620Z,36.7281667,-116.0916667,6,4.31,ml,13,250,1.52,0.69,ci,ci3344881,2016-01-28T20:00:52.790Z,"58km N of Pahrump, NV",earthquake,3.42,31.61,0.117,12,reviewed,ci,ci
1961-03-25T07:48:56.220Z,32.4965,-117.6871667,6,3.61,ml,11,243,0.8762,0.46,ci,ci3344880,2016-01-28T19:57:30.890Z,"52km WSW of Coronado, CA",earthquake,2.68,31.61,0.234,9,reviewed,ci,ci
1961-03-24T07:14:16.080Z,35.276,-118.5565,6,3.35,ml,12,67,0.3918,0.46,ci,ci3344879,2016-01-28T19:52:20.130Z,"19km NNW of Tehachapi, CA",earthquake,1.01,31.61,0.136,10,reviewed,ci,ci
1961-03-12T09:50:10.300Z,35.167,-117.0515,6,3.72,ml,11,174,0.7858,0.43,ci,ci3345996,2016-01-28T19:43:35.960Z,"30km N of Barstow, CA",earthquake,1.72,31.61,0.078,10,reviewed,ci,ci
1961-03-12T07:36:32.200Z,33.4845,-119.0278333,6,3.65,ml,12,129,0.467,0.69,ci,ci3345995,2016-01-28T19:47:48.210Z,"3km ENE of Santa Barbara Is., CA",earthquake,1.6,31.61,0.259,10,reviewed,ci,ci
1961-03-09T02:10:39.190Z,35.2236667,-118.629,6,3.59,ml,13,66,0.4159,0.54,ci,ci3345153,2016-01-28T19:52:18.590Z,"18km E of Arvin, CA",earthquake,1.23,31.61,0.098,12,reviewed,ci,ci
1961-03-06T09:30:28.180Z,35.3186667,-118.5596667,6,3.25,ml,11,65,0.3504,0.57,ci,ci3345151,2016-01-28T19:35:07.160Z,"23km NNW of Tehachapi, CA",earthquake,1.23,31.61,0.101,10,reviewed,ci,ci
1961-03-05T13:04:57.730Z,32.8611667,-115.6141667,6,3.44,ml,5,139,,0.74,ci,ci3345150,2016-01-28T19:31:47.640Z,"4km WNW of Imperial, CA",earthquake,3.04,31.61,0.273,6,reviewed,ci,ci
1961-02-27T04:58:49.780Z,35.789,-118.0385,6,3.14,ml,11,91,0.3547,0.74,ci,ci3345146,2016-01-28T19:30:49.600Z,"20km SW of Little Lake, CA",earthquake,1.93,31.61,0.07,11,reviewed,ci,ci
1961-02-24T04:25:58.520Z,35.195,-118.9595,6,3.28,ml,9,92,0.5126,0.66,ci,ci3345144,2016-01-28T19:56:32.950Z,"8km SSW of Lamont, CA",earthquake,1.52,31.61,0.145,11,reviewed,ci,ci
1961-02-23T05:58:43.310Z,35.2451667,-120.8555,6,3.05,ml,8,278,0.9114,0.56,ci,ci3345142,2016-01-28T19:43:34.970Z,"8km SSW of Los Osos, CA",earthquake,4.66,31.61,0.425,7,reviewed,ci,ci
1961-02-21T09:20:17.970Z,34.0226667,-117.5378333,5.07,3.39,ml,10,103,0.138,0.4,ci,ci3345139,2016-01-28T19:56:32.450Z,"4km NNW of Mira Loma, CA",earthquake,1.1,1.29,0.107,9,reviewed,ci,ci
1961-02-18T13:50:30.020Z,35.8025,-118.0515,1,3.22,ml,11,93,0.3693,0.6,ci,ci3345137,2016-01-28T19:52:18.120Z,"20km SW of Little Lake, CA",earthquake,1.39,31.61,0.055,7,reviewed,ci,ci
1961-02-16T10:06:59.940Z,33.1098333,-116.4161667,6,3.11,ml,6,160,0.4463,0.48,ci,ci3345136,2016-01-28T20:00:51.270Z,"17km SSW of Borrego Springs, CA",earthquake,1.37,31.61,0.108,4,reviewed,ci,ci
1961-02-12T22:49:33.870Z,35.6126667,-119.391,6,3.81,ml,10,241,0.4537,0.42,ci,ci3345134,2016-01-28T19:35:05.680Z,"5km WNW of Wasco, CA",earthquake,2.08,31.61,0.267,12,reviewed,ci,ci
1961-02-12T06:47:39.290Z,35.753,-118.0393333,6,3.19,ml,11,88,0.3647,0.31,ci,ci3345132,2016-01-28T19:35:05.220Z,"24km WNW of Inyokern, CA",earthquake,0.89,31.61,0.176,11,reviewed,ci,ci
1961-02-02T00:07:43.390Z,37.4853333,-118.4973333,6,5.1,mh,11,301,,0.65,ci,ci10086626,2018-06-04T20:43:45.000Z,"13km NNW of Dixon Lane-Meadow Creek, CA",earthquake,3.61,31.61,,0,reviewed,ci,ci
1961-02-02T00:04:12.960Z,37.7695,-118.198,6,5.3,mh,6,317,1.642,0.67,ci,ci10086622,2018-06-04T20:43:45.000Z,"47km NNE of Dixon Lane-Meadow Creek, CA",earthquake,6.19,31.61,,0,reviewed,ci,ci
1961-01-30T01:28:35.500Z,34.0716667,-116.6,6,3.04,ml,6,196,0.6487,0.6,ci,ci3347767,2016-01-28T19:43:33.910Z,"3km NNW of Morongo Valley, CA",earthquake,2.15,31.61,0.14,7,reviewed,ci,ci
1961-01-29T19:36:22.920Z,35.417,-118.6925,6,3.08,ml,10,77,0.3031,0.42,ci,ci3347766,2016-01-28T19:52:17.590Z,"26km NNE of Arvin, CA",earthquake,1.56,31.61,0.096,10,reviewed,ci,ci
1961-01-28T17:02:11.500Z,35.8231667,-118.0265,6,3.62,ml,13,80,0.3193,0.53,ci,ci3347765,2016-01-28T19:30:49.000Z,"17km SW of Little Lake, CA",earthquake,1.23,31.61,0.135,11,reviewed,ci,ci
1961-01-28T17:00:31.890Z,35.7996667,-118.0488333,6,3.27,ml,11,92,0.3462,0.62,ci,ci3347764,2016-01-28T19:52:17.090Z,"20km SW of Little Lake, CA",earthquake,1.3,31.61,0.094,11,reviewed,ci,ci
1961-01-28T14:01:08.610Z,35.7938333,-118.0328333,6,3.65,ml,13,93,0.3545,0.47,ci,ci3347762,2016-01-28T19:35:04.710Z,"20km SW of Little Lake, CA",earthquake,1.24,31.61,0.122,11,reviewed,ci,ci
1961-01-28T10:42:55.780Z,35.7738333,-118.0328333,6,3.15,ml,7,102,0.3564,0.43,ci,ci3347761,2016-01-28T19:52:16.600Z,"21km SSW of Little Lake, CA",earthquake,1.77,31.61,0.095,11,reviewed,ci,ci
1961-01-28T10:27:37.330Z,35.7678333,-118.033,6,3.23,ml,10,89,0.3573,0.42,ci,ci3347760,2016-01-28T19:52:16.080Z,"22km SSW of Little Lake, CA",earthquake,1.35,31.61,0.118,9,reviewed,ci,ci
1961-01-28T08:12:46.260Z,35.758,-118.0408333,6,5.05,ml,14,88,0.365,0.43,ci,ci3347759,2018-06-04T20:43:45.000Z,"23km SSW of Little Lake, CA",earthquake,1.06,31.61,0.063,5,reviewed,ci,ci
1961-01-23T03:20:30.510Z,35.0896667,-119.0878333,3.8,3.34,ml,11,84,0.2667,0.39,ci,ci3347756,2016-01-28T19:52:15.120Z,"22km NW of Grapevine, CA",earthquake,1.09,3.42,0.202,12,reviewed,ci,ci
1961-01-21T16:59:57.840Z,35.0635,-118.9316667,10.91,3.02,ml,9,123,0.1933,0.6,ci,ci3347754,2016-01-28T19:30:47.710Z,"13km N of Grapevine, CA",earthquake,1.37,3.43,0.125,8,reviewed,ci,ci
1961-01-14T19:57:20.970Z,34.429,-117.0233333,6,3.02,ml,8,188,0.5233,0.48,ci,ci3347753,2016-01-28T19:47:45.690Z,"5km WSW of Lucerne Valley, CA",earthquake,1.43,31.61,0.057,5,reviewed,ci,ci
1961-01-10T18:55:01.490Z,34.2428333,-117.0933333,2.54,3.8,ml,12,181,0.3415,0.33,ci,ci3347750,2016-01-28T19:30:46.650Z,"4km NNE of Running Springs, CA",earthquake,1.04,2.76,0.047,9,reviewed,ci,ci
1961-01-06T20:46:47.710Z,36.0331667,-120.0416667,6,3.19,ml,6,253,0.745,0.51,ci,ci3347743,2016-01-28T19:47:45.200Z,"8km WNW of Kettleman City, CA",earthquake,5.62,31.61,0.26,4,reviewed,ci,ci
1961-01-05T19:07:57.640Z,33.1423333,-116.3653333,6,3.3,ml,5,254,0.467,0.4,ci,ci3347742,2016-01-28T19:43:33.410Z,"13km S of Borrego Springs, CA",earthquake,3.21,31.61,0.09,6,reviewed,ci,ci
1960-12-31T06:18:34.850Z,34.0481667,-116.7936667,6,3.16,ml,9,149,0.4863,0.57,ci,ci3347796,2016-01-28T19:39:05.250Z,"14km N of Cabazon, CA",earthquake,1.87,31.61,0.149,4,reviewed,ci,ci
1960-12-30T21:40:24.220Z,33.1946667,-115.879,6,4,ml,5,212,0.4827,0.36,ci,ci3347795,2016-01-28T19:31:48.170Z,"14km SSE of Salton City, CA",earthquake,1.72,31.61,0.168,12,reviewed,ci,ci
1960-12-30T21:33:45.490Z,33.1575,-116.0413333,6,3.72,ml,6,182,,0.68,ci,ci3347794,2016-01-28T19:40:13.950Z,"9km E of Ocotillo Wells, CA",earthquake,2.67,31.61,0.185,12,reviewed,ci,ci
1960-12-23T18:39:54.890Z,34.663,-118.5781667,6,3,ml,8,159,0.6138,0.61,ci,ci3347800,2016-01-28T19:35:02.200Z,"12km W of Lake Hughes, CA",earthquake,1.97,31.61,0.098,10,reviewed,ci,ci
1960-12-22T04:11:19.370Z,33.149,-116.1326667,6,3.12,ml,4,275,0.6516,0.54,ci,ci3347788,2016-01-28T19:43:32.920Z,"1km N of Ocotillo Wells, CA",earthquake,5.91,31.61,0.085,5,reviewed,ci,ci
1960-12-20T22:18:13.900Z,35.1083333,-116.4988333,6,3.12,ml,5,265,1.141,0.68,ci,ci3347787,2016-01-28T19:30:45.610Z,"24km SE of Fort Irwin, CA",earthquake,5.86,31.61,0.118,9,reviewed,ci,ci
1960-12-01T19:52:42.650Z,32.841,-115.4183333,6,3.57,ml,3,274,0.8836,0.37,ci,ci3347783,2016-01-28T19:39:04.750Z,"5km NW of Holtville, CA",earthquake,3.22,31.61,0.064,5,reviewed,ci,ci
1960-12-01T14:23:47.450Z,34.3186667,-119.8758333,4,3.27,ml,8,228,0.1804,0.39,ci,ci3347782,2016-01-28T19:47:44.770Z,"11km S of Isla Vista, CA",earthquake,1.48,1.13,0.131,12,reviewed,ci,ci
1960-12-01T05:39:55.620Z,37.571,-118.803,6,3.52,ml,4,332,0.689,0.2,ci,ci3347781,2016-01-28T19:47:44.250Z,"17km ESE of Mammoth Lakes, CA",earthquake,2.74,31.61,0.417,10,reviewed,ci,ci
1960-11-28T13:26:56.480Z,33.185,-118.9393333,6,3.49,ml,10,174,0.4799,0.78,ci,ci3347780,2016-01-28T19:52:12.190Z,"34km SSE of Santa Barbara Is., CA",earthquake,2.42,31.61,0.082,9,reviewed,ci,ci
1960-11-25T22:30:27.230Z,33.241,-117.4716667,6,3.59,ml,11,176,0.5223,0.44,ci,ci3347779,2016-01-28T19:52:11.690Z,"9km W of Camp Pendleton South, CA",earthquake,1.5,31.61,0.182,8,reviewed,ci,ci
1960-11-23T17:44:29.460Z,32.8218333,-118.1571667,6,3.21,ml,11,195,0.9453,0.85,ci,ci3347777,2016-01-28T19:35:01.650Z,"18km E of San Clemente Is. (SE tip), CA",earthquake,3.53,31.61,0.257,8,reviewed,ci,ci
1960-11-23T00:15:23.780Z,32.705,-118.2666667,6,3.03,ml,9,208,,0.42,ci,ci3347776,2016-01-28T19:43:31.930Z,"15km SSE of San Clemente Is. (SE tip), CA",earthquake,2.66,31.61,0.065,6,reviewed,ci,ci
1960-11-22T05:47:53.110Z,35.1335,-116.7366667,6,3.2,ml,9,191,0.9783,0.81,ci,ci3347775,2016-01-28T19:43:31.430Z,"15km SSW of Fort Irwin, CA",earthquake,3.19,31.61,0.113,11,reviewed,ci,ci
1960-11-17T06:55:46.430Z,33.3151667,-116.4945,12.66,3.36,ml,5,241,0.3106,0.54,ci,ci3347770,2016-01-28T19:39:04.220Z,"13km WNW of Borrego Springs, CA",earthquake,5.6,3.17,0.04,4,reviewed,ci,ci
1960-11-13T07:52:58.720Z,35.7661667,-117.9438333,6,3.48,ml,10,84,0.2859,0.48,ci,ci3347769,2016-01-28T19:35:01.140Z,"18km NW of Inyokern, CA",earthquake,1.45,31.61,0.211,9,reviewed,ci,ci
1960-11-08T01:22:18.110Z,35.2618333,-118.671,6,3.02,ml,8,82,0.4312,0.66,ci,ci3349766,2016-01-28T19:43:30.410Z,"16km ENE of Arvin, CA",earthquake,1.55,31.61,0.068,10,reviewed,ci,ci
1960-11-07T21:11:04.660Z,35.29,-119.2571667,6,3.73,ml,8,194,0.4014,0.28,ci,ci3349765,2016-01-28T20:00:48.840Z,"14km SW of Rosedale, CA",earthquake,1.62,31.61,0.155,11,reviewed,ci,ci
1960-11-06T11:55:22.240Z,33.7141667,-118.026,6,3.34,ml,8,119,0.4497,0.7,ci,ci3349764,2016-01-28T19:56:29.370Z,"3km NW of Huntington Beach, CA",earthquake,1.69,31.61,0.148,9,reviewed,ci,ci
1960-11-04T21:11:01.000Z,35.3,-119.3333333,6,3.8,mh,,,,,ci,ci10086582,2016-01-28T19:52:10.970Z,"17km SE of Buttonwillow, CA",earthquake,,,,0,reviewed,ci,ci
1960-10-31T04:46:28.330Z,34.1938333,-116.3553333,6,3.24,ml,9,159,0.7682,0.64,ci,ci3349760,2016-01-28T19:35:00.640Z,"8km NNW of Joshua Tree, CA",earthquake,1.83,31.61,0.054,7,reviewed,ci,ci
1960-10-29T05:33:57.990Z,34.328,-116.344,6,3.39,ml,7,224,0.9181,0.61,ci,ci3349323,2016-01-28T19:43:29.420Z,"22km N of Joshua Tree, CA",earthquake,2.72,31.61,0.052,10,reviewed,ci,ci
1960-10-29T02:39:32.680Z,34.3018333,-116.345,6,3.06,ml,4,285,0.9082,0.19,ci,ci3349322,2016-01-28T19:30:44.060Z,"19km N of Joshua Tree, CA",earthquake,1.54,31.61,0.078,7,reviewed,ci,ci
1960-10-21T00:11:44.460Z,35.0728333,-118.9436667,0.01,3.11,ml,8,141,0.204,0.82,ci,ci3349318,2016-01-28T19:47:43.260Z,"14km N of Grapevine, CA",earthquake,2.31,4.73,0.055,9,reviewed,ci,ci
1960-10-18T16:37:46.580Z,35.64,-119.3013333,6,3.26,ml,8,161,0.377,0.56,ci,ci3349317,2016-01-28T19:35:00.120Z,"6km NE of Wasco, CA",earthquake,2.1,31.61,0.2,9,reviewed,ci,ci
1960-10-18T12:17:08.780Z,35.6131667,-119.2751667,6,3.2,ml,8,192,0.3615,0.57,ci,ci3349316,2016-01-28T19:30:43.500Z,"6km ENE of Wasco, CA",earthquake,2.39,31.61,0.068,10,reviewed,ci,ci
1960-10-16T23:06:00.800Z,35.5945,-117.5138333,0.01,3.17,ml,8,183,0.231,0.77,ci,ci3349313,2016-01-28T20:00:48.340Z,"15km ESE of Ridgecrest, CA",earthquake,2.7,4.28,0.089,12,reviewed,ci,ci
1960-10-14T21:02:51.510Z,35.053,-118.9048333,9.5,3.41,ml,10,75,0.1811,0.58,ci,ci3349311,2016-01-28T20:00:47.350Z,"12km N of Grapevine, CA",earthquake,1.33,3.93,0.131,9,reviewed,ci,ci
1960-10-09T06:32:14.770Z,35.0486667,-119.2491667,6,3.43,ml,9,249,0.3367,0.45,ci,ci3349768,2016-01-28T19:56:28.890Z,"14km E of Maricopa, CA",earthquake,3.28,31.61,0.129,9,reviewed,ci,ci
1960-10-08T16:25:08.460Z,35.074,-119.0631667,0.19,3.01,ml,7,154,0.2423,0.48,ci,ci3349309,2016-01-28T19:34:59.620Z,"19km NW of Grapevine, CA",earthquake,1.26,2.93,0.037,8,reviewed,ci,ci
1960-10-08T12:47:04.690Z,34.9411667,-116.5143333,6,3.12,ml,5,236,1.183,0.61,ci,ci3349308,2016-01-28T19:43:28.430Z,"39km SSE of Fort Irwin, CA",earthquake,4.88,31.61,0.095,9,reviewed,ci,ci
1960-10-05T08:04:49.690Z,35.4205,-118.7391667,0.47,3.1,ml,9,79,0.2917,0.8,ci,ci3349306,2016-01-28T19:30:42.970Z,"24km NE of Lamont, CA",earthquake,2.58,5.79,0.119,10,reviewed,ci,ci
1960-09-28T10:09:09.480Z,34.0268333,-116.6945,6,3.04,ml,11,131,0.5666,0.55,ci,ci3350643,2016-01-28T20:00:46.860Z,"11km WSW of Morongo Valley, CA",earthquake,1.58,31.61,0.147,5,reviewed,ci,ci
1960-09-08T18:41:35.870Z,37.7056667,-118.4123333,6,4,mh,4,331,1.61,0.57,ci,ci10086566,2016-01-28T19:34:58.160Z,"36km N of Dixon Lane-Meadow Creek, CA",earthquake,7.17,31.61,,0,reviewed,ci,ci
1960-09-05T03:28:22.260Z,33.7603333,-116.1201667,6,3.67,ml,6,170,0.4045,0.52,ci,ci3350639,2016-01-28T19:47:42.230Z,"10km ENE of Indio, CA",earthquake,2.08,31.61,0.147,7,reviewed,ci,ci
1960-09-01T22:39:53.530Z,33.7915,-116.1196667,6,3.91,ml,7,149,0.4093,0.64,ci,ci3350637,2016-01-28T20:00:46.370Z,"12km NE of Indio, CA",earthquake,2.43,31.61,0.121,10,reviewed,ci,ci
1960-09-01T07:35:05.880Z,34.0681667,-117.3008333,15.43,3.54,ml,11,111,0.09688,0.27,ci,ci3350635,2016-01-28T19:56:27.820Z,"1km ESE of Colton, CA",earthquake,0.81,0.67,0.114,10,reviewed,ci,ci
1960-08-21T23:07:02.390Z,34.1558333,-117.4346667,1.02,3.84,ml,13,110,0.1692,0.47,ci,ci3350209,2016-01-28T19:56:27.320Z,"7km NNE of Fontana, CA",earthquake,1.03,1.94,0.068,10,reviewed,ci,ci
1960-08-20T23:27:43.370Z,33.6866667,-118.369,1.05,3.84,ml,10,122,0.06557,0.57,ci,ci3350207,2016-01-28T20:00:45.870Z,"7km SSE of Rancho Palos Verdes, CA",earthquake,1.69,3.22,0.091,10,reviewed,ci,ci
1960-08-17T09:05:47.220Z,36.1558333,-118.0586667,2.69,3.01,ml,7,137,0.09197,0.6,ci,ci3350205,2016-01-28T19:43:27.940Z,"15km SSW of Olancha, CA",earthquake,1.4,3.01,0.134,6,reviewed,ci,ci
1960-08-16T19:50:32.390Z,35.032,-118.945,0.44,3.3,ml,12,74,0.1643,0.72,ci,ci3350203,2016-01-28T19:47:41.220Z,"10km N of Grapevine, CA",earthquake,1.52,4.2,0.175,12,reviewed,ci,ci
1960-08-12T04:11:58.300Z,33.1158333,-116.3926667,6,3.58,ml,8,163,0.4598,0.65,ci,ci3350182,2016-01-28T19:30:40.840Z,"16km S of Borrego Springs, CA",earthquake,2.37,31.61,0.122,9,reviewed,ci,ci
1960-08-10T19:55:17.040Z,32.1915,-115.0368333,6,3.5,mh,4,308,1.466,1.61,ci,ci10086554,2016-01-28T19:43:27.480Z,"3km W of Estacion Coahuila, B.C., MX",earthquake,18.8,31.61,,0,reviewed,ci,ci
1960-08-10T19:19:41.700Z,32.196,-114.9975,6,3.7,mh,4,309,1.496,0.99,ci,ci10086546,2016-01-28T19:47:40.740Z,"0km ENE of Estacion Coahuila, B.C., MX",earthquake,10.53,31.61,,0,reviewed,ci,ci
1960-08-09T02:26:34.150Z,35.2978333,-118.5251667,6,3.91,ml,12,93,0.3665,0.68,ci,ci3350678,2016-01-28T19:43:26.990Z,"20km NNW of Tehachapi, CA",earthquake,2.13,31.61,0.102,9,reviewed,ci,ci
1960-08-06T14:36:40.170Z,33.118,-116.4035,6,3.24,ml,6,161,0.4918,0.56,ci,ci3350677,2016-01-28T20:00:45.380Z,"16km S of Borrego Springs, CA",earthquake,1.58,31.61,0.261,5,reviewed,ci,ci
1960-08-03T19:43:25.770Z,33.1126667,-116.3946667,6,3.46,ml,5,163,0.4905,0.58,ci,ci3350676,2016-01-28T19:52:09.490Z,"16km S of Borrego Springs, CA",earthquake,1.82,31.61,0.092,6,reviewed,ci,ci
1960-08-01T19:39:29.670Z,33.1326667,-116.4793333,6,4.31,ml,9,97,0.4796,0.51,ci,ci3350674,2016-01-28T19:31:48.670Z,"13km ENE of Julian, CA",earthquake,1.21,31.61,0.046,10,reviewed,ci,ci
1960-08-01T02:55:15.690Z,34.2796667,-119.1003333,6,3.36,ml,8,158,0.5332,0.36,ci,ci3350673,2016-01-28T19:39:03.160Z,"9km NW of Camarillo, CA",earthquake,1.19,31.61,0.088,10,reviewed,ci,ci
1960-07-14T05:25:53.420Z,32.2613333,-115.2946667,6,4,mh,3,302,1.237,0.72,ci,ci12277823,2016-01-28T19:43:06.770Z,"12km WNW of Alberto Oviedo Mota, B.C., MX",earthquake,6.88,31.61,,0,reviewed,ci,ci
1960-07-08T03:35:44.380Z,33.72,-117.9033333,6,3.23,ml,7,163,0.3916,0.32,ci,ci3350661,2016-01-28T19:43:26.500Z,"3km SW of Santa Ana, CA",earthquake,1.4,31.61,0.29,8,reviewed,ci,ci
1960-07-01T22:13:44.370Z,35.1405,-117.0495,6,4.44,ml,12,198,0.8087,0.47,ci,ci3350658,2018-06-04T20:43:45.000Z,"27km N of Barstow, CA",earthquake,2.54,31.61,0.172,9,reviewed,ci,ci
1960-06-28T20:00:47.490Z,34.1263333,-117.4773333,1.32,4.09,ml,11,107,0.1572,0.61,ci,ci3350653,2016-01-28T19:52:08.960Z,"4km NNW of Fontana, CA",earthquake,2.09,2.68,0.103,8,reviewed,ci,ci
1960-06-28T17:47:52.740Z,34.9715,-116.8971667,6,3.03,ml,6,211,1.018,0.52,ci,ci3350652,2016-01-28T20:00:44.390Z,"14km NE of Barstow, CA",earthquake,2.53,31.61,0.087,6,reviewed,ci,ci
1960-06-11T21:36:55.430Z,32.229,-115.733,6,4.31,ml,7,286,0.9125,0.32,ci,ci3350758,2016-01-28T19:39:01.070Z,"42km SSW of Progreso, B.C., MX",earthquake,3.69,31.61,0.124,9,reviewed,ci,ci
1960-06-06T01:17:53.420Z,40.729,-124.792,15,6,mw,,,,,iscgem,iscgem879414,2022-04-26T16:31:24.478Z,"near the coast of Northern California",earthquake,,10.6,0.2,,reviewed,iscgem,iscgem
1960-06-05T07:47:07.000Z,37.517,-118.733,16,4.91,mw,,,,,ushis,ushis2443,2019-05-13T21:02:39.632Z,"4 km SSW of Aspen Springs, California",earthquake,,,,,reviewed,ushis,th
1960-05-23T12:25:17.820Z,33.1061667,-116.4466667,6,3.26,ml,5,245,0.4272,0.52,ci,ci3350689,2016-01-28T19:34:53.350Z,"15km ENE of Julian, CA",earthquake,4.77,31.61,0.06,5,reviewed,ci,ci
1960-05-18T11:13:11.670Z,33.893,-118.6603333,6,3.11,ml,10,103,0.4796,0.63,ci,ci3350765,2016-01-28T19:34:52.820Z,"16km S of Malibu Beach, CA",earthquake,1.38,31.61,0.15,10,reviewed,ci,ci
1960-05-18T07:08:58.400Z,33.1236667,-116.0003333,6,3.57,ml,5,103,0.4991,0.27,ci,ci3350684,2016-01-28T19:57:31.390Z,"12km E of Ocotillo Wells, CA",earthquake,1.09,31.61,0.077,5,reviewed,ci,ci
1960-05-13T12:36:40.540Z,32.4656667,-115.7761667,6,4,ml,5,282,0.7861,0.63,ci,ci3350682,2016-01-28T19:38:59.090Z,"22km SW of Progreso, B.C., MX",earthquake,5.16,31.61,0.179,13,reviewed,ci,ci
1960-05-11T07:02:56.890Z,33.1235,-116.4111667,6,3.36,ml,5,160,0.4425,0.54,ci,ci3350680,2016-01-28T19:47:39.240Z,"15km SSW of Borrego Springs, CA",earthquake,1.44,31.61,0.126,8,reviewed,ci,ci
1960-05-08T02:26:58.930Z,33.0698333,-116.5851667,15.89,3.24,ml,7,141,0.3663,0.23,ci,ci3351183,2016-01-28T19:56:21.580Z,"2km ESE of Julian, CA",earthquake,0.76,1.78,0.045,7,reviewed,ci,ci
1960-04-24T23:46:26.350Z,33.0315,-115.8791667,6,3.68,ml,4,163,,0.22,ci,ci3351180,2016-01-28T19:49:03.940Z,"24km W of Westmorland, CA",earthquake,1.61,31.61,0.203,9,reviewed,ci,ci
1960-04-21T23:39:19.650Z,32.7091667,-115.7263333,6,4.24,ml,6,210,,0.7,ci,ci3350784,2016-01-28T19:31:49.160Z,"18km WSW of El Centro, CA",earthquake,2.7,31.61,0.117,12,reviewed,ci,ci
1960-04-21T22:53:27.720Z,32.6375,-115.6775,6,3.18,ml,3,273,0.8401,0.33,ci,ci3350783,2016-01-28T19:52:05.530Z,"11km NW of Progreso, B.C., MX",earthquake,3.37,31.61,0.036,3,reviewed,ci,ci
1960-04-21T18:36:22.560Z,32.6118333,-115.7173333,6,3.4,mh,2,328,0.8084,0.4,ci,ci10086486,2016-01-28T19:43:23.610Z,"13km WNW of Progreso, B.C., MX",earthquake,4.02,31.61,,0,reviewed,ci,ci
1960-04-21T18:11:11.380Z,32.6583333,-115.7126667,6,3.55,ml,3,269,0.1963,0.28,ci,ci3350782,2016-01-28T19:53:22.880Z,"15km NW of Progreso, B.C., MX",earthquake,2.57,31.61,0.088,8,reviewed,ci,ci
1960-04-21T18:08:34.450Z,32.6546667,-115.6936667,6,3.87,ml,4,271,0.8257,0.38,ci,ci3350781,2016-01-28T19:34:52.320Z,"13km NW of Progreso, B.C., MX",earthquake,3.69,31.61,0.253,10,reviewed,ci,ci
1960-04-14T20:45:23.670Z,32.917,-115.47,6,3.22,ml,4,268,0.1357,0.39,ci,ci3350779,2016-01-28T20:04:39.760Z,"9km SE of Brawley, CA",earthquake,3.93,31.61,0.21,5,reviewed,ci,ci
1960-04-13T02:50:15.630Z,32.721,-115.7968333,6,3.65,ml,3,261,0.7391,0.22,ci,ci3350778,2016-01-28T19:52:05.010Z,"18km E of Ocotillo, CA",earthquake,1.96,31.61,0.05,4,reviewed,ci,ci
1960-04-02T19:01:15.480Z,36.43,-120.7526667,6,3.8,ml,6,297,1.709,0.51,ci,ci3350776,2016-01-28T19:43:22.610Z,"42km NE of King City, CA",earthquake,3.45,31.61,0.369,9,reviewed,ci,ci
1960-03-25T14:31:44.220Z,35.9735,-118.4083333,6,3.2,ml,10,134,0.3146,0.52,ci,ci3350774,2016-01-28T19:34:51.820Z,"24km N of Kernville, CA",earthquake,1.25,31.61,0.069,9,reviewed,ci,ci
1960-03-25T00:27:42.940Z,33.9396667,-117.5621667,0,3.15,ml,8,144,0.1642,0.5,ci,ci3350773,2016-01-28T19:38:58.100Z,"2km NW of Norco, CA",earthquake,1.62,3.48,0.071,5,reviewed,ci,ci
1960-03-24T09:56:07.630Z,36.2255,-118.3125,6,3.35,ml,8,144,0.3083,0.46,ci,ci3350771,2016-01-28T19:52:03.900Z,"28km WSW of Olancha, CA",earthquake,1.2,31.61,0.158,11,reviewed,ci,ci
1960-03-16T08:21:36.000Z,34.3653333,-118.9785,6,3.22,ml,8,159,0.5091,0.54,ci,ci3351209,2016-01-28T19:34:50.310Z,"7km SW of Fillmore, CA",earthquake,2.26,31.61,0.203,11,reviewed,ci,ci
1960-03-06T04:26:41.390Z,34.9913333,-118.8283333,1.55,3.49,ml,11,88,0.1333,0.59,ci,ci3351207,2016-01-28T19:30:38.370Z,"11km ENE of Grapevine, CA",earthquake,0.99,2.86,0.077,11,reviewed,ci,ci
1960-03-02T02:46:42.800Z,32.2476667,-115.7981667,6,3.67,ml,3,296,0.8554,0.12,ci,ci3351205,2016-01-28T19:38:57.610Z,"42km SSW of Progreso, B.C., MX",earthquake,2.24,31.61,0.115,7,reviewed,ci,ci
1960-02-28T02:55:33.780Z,34.337,-119.8323333,8,3.09,ml,7,289,0.1419,0.43,ci,ci3351203,2016-01-28T19:38:57.080Z,"9km SSE of Isla Vista, CA",earthquake,3.07,1.7,0.023,3,reviewed,ci,ci
1960-02-26T12:58:41.240Z,35.3305,-118.6135,6,3.32,ml,10,152,0.3505,0.63,ci,ci3351201,2016-01-28T20:00:40.930Z,"24km NE of Arvin, CA",earthquake,2.13,31.61,0.045,11,reviewed,ci,ci
1960-02-25T01:39:48.260Z,35.3805,-118.6816667,6,3,ml,7,190,0.3287,0.58,ci,ci3351200,2016-01-28T19:34:49.780Z,"23km NE of Arvin, CA",earthquake,2.65,31.61,0.131,10,reviewed,ci,ci
1960-02-24T13:12:33.990Z,34.0111667,-117.5865,4.43,3.79,ml,8,137,0.1762,0.26,ci,ci3351199,2016-01-28T19:43:21.630Z,"6km SE of Ontario, CA",earthquake,1.19,0.97,0.046,12,reviewed,ci,ci
1960-02-22T22:57:44.910Z,32.4518333,-115.7661667,6,3.71,ml,3,283,0.7981,0.49,ci,ci3351196,2016-01-28T20:00:40.440Z,"22km SW of Progreso, B.C., MX",earthquake,5.67,31.61,0.121,5,reviewed,ci,ci
1960-02-22T10:54:10.290Z,35.367,-118.5441667,6,3.02,ml,9,112,0.3006,0.58,ci,ci3351195,2016-01-28T19:56:20.590Z,"25km S of Bodfish, CA",earthquake,1.6,31.61,0.108,10,reviewed,ci,ci
1960-02-21T17:02:50.160Z,35.3506667,-118.5636667,6,3.2,ml,9,112,0.3199,0.68,ci,ci3351194,2016-01-28T19:56:20.030Z,"26km NNW of Tehachapi, CA",earthquake,1.94,31.61,0.095,11,reviewed,ci,ci
1960-02-09T14:01:48.600Z,33.1588333,-116.4613333,6,3.7,ml,7,234,0.3883,0.64,ci,ci3351653,2016-01-28T19:56:19.470Z,"14km SW of Borrego Springs, CA",earthquake,6.46,31.61,0.129,10,reviewed,ci,ci
1960-01-31T05:54:47.990Z,34.1251667,-116.6343333,6,3.37,ml,6,206,0.6291,0.36,ci,ci3351651,2016-01-28T19:38:55.570Z,"10km NNW of Morongo Valley, CA",earthquake,1.73,31.61,0.135,6,reviewed,ci,ci
1960-01-29T01:27:02.430Z,34.6993333,-116.4728333,6,3.05,ml,4,277,1.026,0.57,ci,ci3351647,2016-01-28T19:52:02.930Z,"29km W of Ludlow, CA",earthquake,5.37,31.61,0.015,4,reviewed,ci,ci
1960-01-26T04:17:36.000Z,38,-116.5,,4.9,ml,,,,,ushis,ushis2434,2018-06-04T20:43:45.000Z,"64 km E of Tonopah, Nevada",earthquake,,,,,reviewed,ushis,brk
1960-01-24T16:08:31.440Z,33.111,-116.0438333,6,3.35,ml,4,203,0.6813,0.43,ci,ci3351646,2016-01-28T19:43:19.690Z,"9km ESE of Ocotillo Wells, CA",earthquake,1.83,31.61,0.036,4,reviewed,ci,ci
1960-01-23T03:11:43.760Z,35.4191667,-116.2883333,6,3.38,ml,6,231,1.138,0.39,ci,ci3351642,2016-01-28T19:52:02.420Z,"26km NW of Baker, CA",earthquake,2.46,31.61,0.079,9,reviewed,ci,ci
1960-01-20T03:25:53.000Z,36.783,-121.433,,5,ml,,,,,ushis,ushis2433,2018-06-04T20:43:45.000Z,"6 km WSW of Ridgemark, California",earthquake,,,,,reviewed,ushis,brk
1960-01-18T21:00:42.650Z,34.9296667,-118.8118333,4.59,3.37,ml,6,142,0.09296,0.36,ci,ci3351635,2016-01-28T19:56:18.970Z,"11km E of Grapevine, CA",earthquake,1.18,1.75,0.067,10,reviewed,ci,ci
1960-01-11T19:08:39.970Z,37.1611667,-117.8273333,0,3.79,ml,6,275,0.3392,0.69,ci,ci3351632,2016-01-28T19:38:54.540Z,"41km E of Big Pine, CA",earthquake,8.48,9.71,0.092,8,reviewed,ci,ci
1960-01-08T06:51:21.390Z,33.4153333,-116.4301667,6,3.1,ml,5,249,0.3671,0.39,ci,ci3351628,2016-01-28T20:00:38.960Z,"18km NNW of Borrego Springs, CA",earthquake,2.41,31.61,0.059,4,reviewed,ci,ci
1960-01-07T17:51:32.350Z,32.2211667,-115.9048333,6,3.64,ml,3,340,0.7939,0.83,ci,ci12277815,2016-01-28T19:43:06.290Z,"50km SW of Progreso, B.C., MX",earthquake,10.65,31.61,0.112,5,reviewed,ci,ci
1960-01-05T18:01:47.640Z,34.0148333,-117.7106667,6.22,3.03,ml,9,139,0.2793,0.56,ci,ci3351606,2016-01-28T19:47:36.260Z,"2km W of Chino, CA",earthquake,2.2,2.85,0.215,11,reviewed,ci,ci
1960-01-02T22:51:45.920Z,35.5563333,-121.351,6,4.04,ml,9,293,1.331,0.65,ci,ci3351457,2016-01-28T19:43:17.710Z,"24km W of Cambria, CA",earthquake,3.27,31.61,0.161,11,reviewed,ci,ci
